year,state,month,number
2020,Mato Grosso do Sul,Abril,813.0
2018,Sergipe,Fevereiro,18.0
2012,Ceará,Maio,23.0
2017,Espirito Santo,Março,9.0
2017,Paraiba,Março,4.0
2021,Mato Grosso,Junho,2.185
2015,Acre,Fevereiro,2.0
2015,Sergipe,Janeiro,37.0
2020,Minas Gerais,Março,82.0
2019,São Paulo,Junho,290.0
2019,Acre,Abril,6.0
2018,Amapa,Dezembro,0.0
2019,Rio de Janeiro,Julho,141.0
2015,Mato Grosso do Sul,Outubro,451.0
2018,São Paulo,Março,124.0
2017,Pará,Setembro,15.735
2021,Rio de Janeiro,Fevereiro,4.0
2019,Paraná,Maio,47.0
2021,Acre,Março,3.0
2017,Amazonas,Dezembro,247.0
2018,Alagoas,Fevereiro,16.0
2016,Amapa,Abril,0.0
2012,Minas Gerais,Maio,178.0
2018,Amazonas,Fevereiro,93.0
2021,Paraná,Dezembro,105.0
2016,Goias,Junho,261.0
2013,Bahia,Setembro,2.617
2014,Mato Grosso,Dezembro,347.0
2017,Santa Catarina,Agosto,558.0
2023,Santa Catarina,Agosto,473.0
2023,Sergipe,Dezembro,32.0
2012,Paraiba,Junho,5.0
2023,Espirito Santo,Maio,12.0
2014,Rio Grande do Sul,Janeiro,38.0
2022,Rondonia,Agosto,3.512
2021,Acre,Maio,30.0
2014,Rio Grande do Sul,Dezembro,31.0
2018,Piaui,Maio,118.0
2020,Amapa,Outubro,527.0
2018,Minas Gerais,Agosto,553.0
2012,Alagoas,Julho,1.0
2023,Pará,Agosto,6725.0
2020,Alagoas,Outubro,25.0
2022,Alagoas,Setembro,12.0
2021,Rondonia,Julho,836.0
2023,Rondonia,Março,38.0
2013,Mato Grosso,Abril,411.0
2023,Maranhão,Novembro,2893.0
2023,Amapa,Abril,1.0
2015,São Paulo,Fevereiro,37.0
2014,Rio de Janeiro,Abril,9.0
2016,Pernambuco,Setembro,137.0
2017,Rio Grande do Sul,Fevereiro,31.0
2020,Paraiba,Agosto,50.0
2021,Tocantins,Janeiro,76.0
2017,Roraima,Junho,4.0
2018,Maranhão,Abril,50.0
2019,Rondonia,Setembro,3.644
2013,Mato Grosso do Sul,Dezembro,162.0
2013,Mato Grosso,Agosto,3.739
2016,Goias,Janeiro,27.0
2021,Ceará,Dezembro,782.0
2022,Espirito Santo,Outubro,93.0
2021,Pará,Setembro,3.828
2022,Minas Gerais,Julho,990.0
2023,Amazonas,Outubro,3858.0
2016,Sergipe,Dezembro,36.0
2016,Goias,Outubro,488.0
2016,Rio de Janeiro,Julho,127.0
2020,São Paulo,Julho,558.0
2015,Pernambuco,Março,27.0
2023,Rio Grande do Sul,Abril,137.0
2022,Espirito Santo,Janeiro,11.0
2019,Rio Grande do Norte,Setembro,81.0
2019,Pará,Outubro,3870.0
2020,Paraiba,Fevereiro,16.0
2023,Rondonia,Julho,460.0
2023,Tocantins,Dezembro,283.0
2023,Tocantins,Novembro,478.0
2016,Mato Grosso,Março,934.0
2015,Sergipe,Maio,9.0
2022,Rondonia,Julho,555.0
2014,Alagoas,Setembro,11.0
2021,São Paulo,Maio,140.0
2014,Rio Grande do Sul,Agosto,1200.0
2016,Tocantins,Fevereiro,318.0
2022,Sergipe,Maio,14.0
2018,Paraná,Junho,158.0
2018,Amazonas,Outubro,1.725
2014,Mato Grosso do Sul,Setembro,343.0
2023,Maranhão,Março,106.0
2016,Alagoas,Janeiro,22.0
2013,Bahia,Janeiro,161.0
2018,Mato Grosso,Abril,426.0
2017,Espirito Santo,Setembro,31.0
2017,Distrito Federal,Janeiro,1.0
2020,Amapa,Abril,0.0
2015,Rio Grande do Sul,Janeiro,29.0
2018,Ceará,Maio,2.0
2019,Mato Grosso do Sul,Março,159.0
2021,Mato Grosso do Sul,Abril,193.0
2021,Santa Catarina,Abril,199.0
2016,Acre,Novembro,46.0
2020,Rondonia,Novembro,509.0
2019,Rio Grande do Sul,Junho,134.0
2021,Paraná,Janeiro,16.0
2022,Maranhão,Agosto,3.473
2022,Rondonia,Maio,136.0
2015,Espirito Santo,Agosto,28.0
2012,Paraná,Setembro,544.0
2019,Acre,Fevereiro,1.0
2012,Pernambuco,Janeiro,161.0
2020,Rio Grande do Norte,Junho,1.0
2014,Alagoas,Maio,1.0
2020,Distrito Federal,Janeiro,2.0
2017,Roraima,Abril,75.0
2018,Ceará,Março,8.0
2021,Acre,Dezembro,1.0
2022,Acre,Abril,6.0
2018,São Paulo,Outubro,27.0
2022,Tocantins,Março,49.0
2022,Pernambuco,Junho,5.0
2023,Rondonia,Fevereiro,28.0
2014,Tocantins,Fevereiro,55.0
2013,Sergipe,Março,59.0
2023,Mato Grosso do Sul,Outubro,495.0
2014,Minas Gerais,Novembro,349.0
2021,Paraná,Julho,598.0
2017,São Paulo,Abril,37.0
2014,Distrito Federal,Abril,2.0
2020,Rio Grande do Norte,Janeiro,37.0
2014,Bahia,Maio,201.0
2012,Rio Grande do Norte,Julho,4.0
2012,Rondonia,Maio,35.0
2018,Pernambuco,Maio,2.0
2023,Acre,Setembro,3075.0
2019,Minas Gerais,Outubro,2.049
2013,Paraiba,Fevereiro,11.0
2021,Ceará,Janeiro,187.0
2012,Goias,Junho,254.0
2015,Acre,Julho,118.0
2014,Goias,Setembro,1.568
2018,Espirito Santo,Agosto,9.0
2022,Amazonas,Maio,81.0
2021,Roraima,Abril,110.0
2015,Paraná,Setembro,604.0
2022,Mato Grosso,Julho,1.919
2012,Paraná,Abril,63.0
2023,São Paulo,Junho,134.0
2013,Goias,Setembro,735.0
2012,Paraná,Julho,203.0
2022,Mato Grosso do Sul,Dezembro,182.0
2012,Maranhão,Janeiro,461.0
2019,Tocantins,Novembro,376.0
2017,Acre,Outubro,1350.0
2019,Santa Catarina,Junho,104.0
2013,Goias,Março,74.0
2015,Rio de Janeiro,Outubro,78.0
2012,Amazonas,Janeiro,8.0
2012,Amapa,Outubro,583.0
2023,Ceará,Junho,15.0
2013,Pernambuco,Julho,7.0
2023,Amapa,Dezembro,65.0
2020,Rondonia,Junho,138.0
2016,Mato Grosso,Abril,1.351
2015,Paraná,Outubro,142.0
2016,Pará,Outubro,5.954
2018,Minas Gerais,Outubro,840.0
2018,Santa Catarina,Junho,52.0
2018,Distrito Federal,Fevereiro,0.0
2018,Sergipe,Setembro,2.0
2019,Sergipe,Dezembro,16.0
2022,Roraima,Maio,11.0
2023,Tocantins,Maio,697.0
2013,Santa Catarina,Junho,81.0
2017,Amazonas,Novembro,486.0
2015,Sergipe,Novembro,41.0
2016,Rondonia,Novembro,413.0
2018,Rio Grande do Sul,Outubro,69.0
2021,Roraima,Setembro,54.0
2017,Rondonia,Junho,152.0
2015,Bahia,Setembro,6.921
2020,São Paulo,Outubro,995.0
2015,Goias,Setembro,2.033
2018,Pernambuco,Setembro,95.0
2023,Goias,Outubro,369.0
2022,Goias,Novembro,119.0
2021,Rio Grande do Sul,Março,91.0
2023,Rio de Janeiro,Novembro,23.0
2023,Tocantins,Agosto,1141.0
2023,Amazonas,Setembro,6991.0
2013,Amazonas,Maio,21.0
2018,Acre,Dezembro,2.0
2021,Alagoas,Fevereiro,37.0
2013,Minas Gerais,Abril,80.0
2018,Alagoas,Maio,0.0
2013,Sergipe,Dezembro,9.0
2022,Amapa,Junho,1.0
2017,Rio Grande do Norte,Junho,2.0
2015,Piaui,Agosto,2.039
2016,Santa Catarina,Fevereiro,2.0
2015,Rio de Janeiro,Abril,8.0
2023,Santa Catarina,Março,58.0
2012,Amazonas,Março,5.0
2020,Espirito Santo,Novembro,10.0
2022,Rio Grande do Sul,Novembro,131.0
2018,Mato Grosso do Sul,Agosto,442.0
2023,Pernambuco,Junho,6.0
2016,Piaui,Outubro,2.544
2023,Sergipe,Julho,1.0
2020,Minas Gerais,Junho,272.0
2012,Pernambuco,Outubro,265.0
2022,Paraná,Junho,110.0
2017,Pernambuco,Novembro,91.0
2016,Bahia,Fevereiro,340.0
2012,Roraima,Agosto,8.0
2019,Santa Catarina,Setembro,272.0
2019,Rio de Janeiro,Maio,18.0
2019,Roraima,Junho,2.0
2017,Amazonas,Fevereiro,21.0
2013,Distrito Federal,Julho,25.0
2018,Paraiba,Agosto,45.0
2012,Alagoas,Outubro,31.0
2017,Rondonia,Maio,29.0
2018,São Paulo,Setembro,598.0
2013,Amapa,Janeiro,2.0
2023,Sergipe,Novembro,25.0
2015,Espirito Santo,Janeiro,77.0
2012,Roraima,Julho,3.0
2015,Acre,Dezembro,8.0
2012,Espirito Santo,Agosto,17.0
2018,Tocantins,Setembro,1.796
2018,Distrito Federal,Maio,2.0
2021,Amapa,Julho,5.0
2020,Rio de Janeiro,Maio,26.0
2022,Distrito Federal,Junho,17.0
2021,Pará,Junho,424.0
2023,Rio Grande do Sul,Novembro,57.0
2014,Pernambuco,Dezembro,91.0
2018,Amazonas,Maio,19.0
2014,Amapa,Julho,5.0
2012,Mato Grosso do Sul,Junho,110.0
2020,Espirito Santo,Fevereiro,11.0
2012,Espirito Santo,Outubro,66.0
2014,Rondonia,Dezembro,141.0
2013,Mato Grosso do Sul,Julho,226.0
2016,Mato Grosso,Julho,3.301
2019,Amazonas,Abril,10.0
2017,Rio Grande do Sul,Dezembro,82.0
2016,Maranhão,Outubro,5.617
2013,São Paulo,Julho,243.0
2012,Maranhão,Agosto,10.519
2022,Pernambuco,Fevereiro,29.0
2015,Piaui,Julho,706.0
2013,Pernambuco,Fevereiro,33.0
2013,Rio Grande do Sul,Maio,58.0
2012,Espirito Santo,Setembro,39.0
2015,Ceará,Agosto,118.0
2016,Alagoas,Agosto,4.0
2020,Amapa,Agosto,16.0
2015,Santa Catarina,Março,31.0
2020,Tocantins,Novembro,520.0
2012,Bahia,Fevereiro,242.0
2017,Espirito Santo,Abril,7.0
2017,Paraiba,Junho,0.0
2023,Mato Grosso,Março,576.0
2017,Tocantins,Julho,1.823
2023,Espirito Santo,Fevereiro,15.0
2013,Pernambuco,Maio,9.0
2018,São Paulo,Junho,292.0
2017,Pernambuco,Março,9.0
2019,Espirito Santo,Fevereiro,32.0
2020,Tocantins,Outubro,2.192
2018,São Paulo,Janeiro,41.0
2021,Mato Grosso do Sul,Maio,215.0
2021,Tocantins,Maio,851.0
2016,Rio Grande do Norte,Maio,1.0
2014,Alagoas,Dezembro,26.0
2022,Acre,Junho,71.0
2016,Mato Grosso do Sul,Julho,673.0
2018,Rio Grande do Norte,Janeiro,23.0
2013,Goias,Junho,202.0
2013,Santa Catarina,Dezembro,76.0
2018,Mato Grosso,Dezembro,471.0
2022,Minas Gerais,Março,190.0
2021,Rio Grande do Norte,Agosto,21.0
2016,Ceará,Agosto,286.0
2015,Rio Grande do Norte,Outubro,115.0
2016,Rio Grande do Sul,Novembro,97.0
2014,Minas Gerais,Junho,344.0
2023,Piaui,Abril,80.0
2019,Rio de Janeiro,Dezembro,6.0
2023,Acre,Fevereiro,1.0
2021,Paraná,Março,77.0
2015,São Paulo,Setembro,344.0
2018,Paraiba,Dezembro,193.0
2021,Rio Grande do Sul,Maio,290.0
2021,Mato Grosso do Sul,Outubro,1.695
2022,São Paulo,Março,64.0
2012,Acre,Novembro,39.0
2016,Bahia,Novembro,402.0
2018,Amazonas,Agosto,2.589
2022,Tocantins,Outubro,2.327
2017,Ceará,Janeiro,91.0
2015,Mato Grosso,Dezembro,1.413
2018,Maranhão,Dezembro,904.0
2022,Pará,Abril,37.0
2020,Espirito Santo,Dezembro,22.0
2020,Sergipe,Abril,6.0
2020,Pernambuco,Dezembro,193.0
2012,Rio Grande do Sul,Junho,233.0
2015,Tocantins,Fevereiro,48.0
2014,Rio de Janeiro,Fevereiro,107.0
2013,Rio Grande do Norte,Julho,0.0
2013,Bahia,Maio,176.0
2012,Mato Grosso,Maio,958.0
2023,Distrito Federal,Outubro,0.0
2022,Distrito Federal,Outubro,10.0
2016,Santa Catarina,Abril,33.0
2017,Goias,Novembro,125.0
2019,Amapa,Janeiro,4.0
2020,Ceará,Abril,0.0
2022,Pará,Dezembro,1.472
2017,Alagoas,Outubro,12.0
2019,Rio Grande do Norte,Outubro,235.0
2023,Acre,Março,0.0
2022,Mato Grosso,Março,543.0
2020,Rio Grande do Norte,Abril,2.0
2020,Rio Grande do Sul,Outubro,196.0
2022,Maranhão,Julho,2170.0
2013,Piaui,Fevereiro,70.0
2019,Rio de Janeiro,Março,3.0
2014,Pará,Fevereiro,30.0
2016,Acre,Dezembro,6.0
2023,Rio Grande do Norte,Maio,3.0
2013,Espirito Santo,Março,18.0
2018,Distrito Federal,Dezembro,0.0
2020,Alagoas,Abril,5.0
2020,Mato Grosso do Sul,Maio,355.0
2021,Espirito Santo,Abril,25.0
2023,Distrito Federal,Maio,10.0
2023,Santa Catarina,Dezembro,47.0
2012,Rondonia,Agosto,2.561
2023,Piaui,Março,63.0
2022,Santa Catarina,Abril,76.0
2023,Paraná,Fevereiro,25.0
2015,Minas Gerais,Setembro,2.631
2020,Rondonia,Agosto,3.087
2020,Goias,Dezembro,70.0
2023,Santa Catarina,Setembro,89.0
2016,Amapa,Maio,3.0
2012,Mato Grosso do Sul,Abril,105.0
2021,Bahia,Agosto,1470.0
2015,Pernambuco,Junho,2.0
2015,Rio Grande do Norte,Novembro,87.0
2014,Ceará,Maio,4.0
2020,Distrito Federal,Novembro,1.0
2014,Goias,Janeiro,60.0
2023,Tocantins,Julho,1525.0
2019,Roraima,Fevereiro,629.0
2017,Pernambuco,Maio,13.0
2017,Pará,Junho,486.0
2022,Alagoas,Novembro,10.0
2013,Paraiba,Março,5.0
2013,Espirito Santo,Junho,24.0
2021,Pará,Maio,190.0
2014,São Paulo,Maio,178.0
2014,Roraima,Janeiro,557.0
2018,Sergipe,Dezembro,29.0
2017,Distrito Federal,Agosto,118.0
2021,Rio de Janeiro,Julho,129.0
2019,Amazonas,Fevereiro,90.0
2019,Ceará,Fevereiro,12.0
2012,São Paulo,Setembro,908.0
2020,Roraima,Julho,9.0
2023,Paraiba,Outubro,224.0
2018,Goias,Maio,181.0
2019,Ceará,Março,3.0
2013,Paraná,Janeiro,49.0
2019,Mato Grosso,Setembro,10.747
2018,Rondonia,Novembro,198.0
2014,Maranhão,Setembro,4.357
2016,Roraima,Março,1.195
2014,Bahia,Janeiro,123.0
2023,Pernambuco,Maio,14.0
2019,São Paulo,Março,85.0
2015,São Paulo,Junho,144.0
2023,Amazonas,Agosto,5474.0
2023,São Paulo,Agosto,352.0
2022,Minas Gerais,Fevereiro,66.0
2021,Maranhão,Maio,471.0
2018,Bahia,Março,126.0
2017,Bahia,Maio,124.0
2019,Alagoas,Junho,3.0
2016,Rio de Janeiro,Maio,24.0
2023,Acre,Junho,31.0
2020,Minas Gerais,Agosto,1.155
2013,Pernambuco,Outubro,157.0
2012,Rio Grande do Sul,Setembro,198.0
2022,Rondonia,Novembro,1.767
2014,Paraná,Abril,37.0
2012,Rio de Janeiro,Setembro,173.0
2013,Pará,Maio,74.0
2017,Distrito Federal,Abril,1.0
2017,Mato Grosso do Sul,Dezembro,80.0
2021,Santa Catarina,Novembro,108.0
2023,Rio Grande do Sul,Janeiro,64.0
2021,Acre,Novembro,14.0
2020,Rio Grande do Sul,Setembro,263.0
2017,Amazonas,Março,24.0
2022,Sergipe,Setembro,4.0
2023,Pernambuco,Outubro,586.0
2016,Roraima,Maio,22.0
2018,Roraima,Junho,5.0
2016,Paraiba,Janeiro,16.0
2014,Rio Grande do Norte,Janeiro,32.0
2021,Ceará,Março,13.0
2015,Minas Gerais,Fevereiro,69.0
2021,Bahia,Outubro,3630.0
2021,Amapa,Outubro,401.0
2016,Rio Grande do Norte,Novembro,98.0
2022,Acre,Maio,33.0
2015,Ceará,Outubro,603.0
2023,Roraima,Março,505.0
2012,Piaui,Junho,865.0
2018,Paraná,Dezembro,151.0
2016,Goias,Maio,210.0
2016,Alagoas,Dezembro,153.0
2013,Santa Catarina,Julho,215.0
2020,Amapa,Fevereiro,1.0
2014,Acre,Dezembro,8.0
2017,Amapa,Março,0.0
2015,Maranhão,Janeiro,458.0
2013,Alagoas,Agosto,0.0
2019,Goias,Março,138.0
2018,Alagoas,Julho,0.0
2017,Mato Grosso,Abril,708.0
2023,Ceará,Janeiro,208.0
2014,Mato Grosso do Sul,Outubro,529.0
2017,Minas Gerais,Abril,67.0
2018,Sergipe,Outubro,16.0
2013,Mato Grosso,Junho,1.388
2013,Piaui,Julho,371.0
2022,Maranhão,Abril,66.0
2012,Alagoas,Agosto,0.0
2015,Tocantins,Agosto,2.451
2018,Rondonia,Abril,7.0
2021,Rio Grande do Norte,Abril,10.0
2018,Rio Grande do Norte,Dezembro,64.0
2015,Paraná,Novembro,23.0
2013,Bahia,Outubro,1.866
2016,Bahia,Abril,193.0
2017,Ceará,Maio,6.0
2020,Paraiba,Abril,1.0
2014,Amazonas,Novembro,692.0
2020,Rio Grande do Norte,Julho,7.0
2017,Sergipe,Setembro,0.0
2012,Acre,Junho,12.0
2012,Pernambuco,Fevereiro,75.0
2020,Pará,Agosto,10.865
2022,Minas Gerais,Outubro,1.481
2018,Roraima,Abril,191.0
2023,Rio Grande do Norte,Janeiro,39.0
2015,Alagoas,Janeiro,64.0
2019,Paraiba,Março,4.0
2012,Bahia,Novembro,214.0
2014,Rondonia,Maio,26.0
2023,Mato Grosso,Junho,2447.0
2012,Pará,Setembro,8190.0
2019,Bahia,Dezembro,301.0
2020,Paraná,Outubro,352.0
2015,Rio Grande do Sul,Abril,166.0
2020,Rio de Janeiro,Abril,10.0
2023,São Paulo,Janeiro,62.0
2014,Alagoas,Março,19.0
2018,Amapa,Janeiro,14.0
2020,Rondonia,Dezembro,144.0
2017,Mato Grosso do Sul,Junho,150.0
2022,Espirito Santo,Maio,26.0
2013,Sergipe,Outubro,3.0
2020,Piaui,Setembro,2.772
2017,São Paulo,Dezembro,34.0
2016,Paraná,Novembro,260.0
2013,Amapa,Junho,6.0
2021,Ceará,Novembro,1680.0
2021,Rio Grande do Norte,Julho,7.0
2019,Roraima,Abril,1.134
2016,Distrito Federal,Fevereiro,1.0
2016,Tocantins,Dezembro,115.0
2018,Paraiba,Julho,3.0
2022,Espirito Santo,Setembro,87.0
2012,Ceará,Abril,2.0
2014,Espirito Santo,Janeiro,11.0
2012,Sergipe,Junho,3.0
2021,São Paulo,Dezembro,41.0
2016,Pará,Fevereiro,370.0
2022,Rio de Janeiro,Maio,20.0
2018,Tocantins,Novembro,201.0
2017,Sergipe,Abril,8.0
2017,Alagoas,Agosto,1.0
2016,Pará,Novembro,7.314
2013,Pernambuco,Junho,14.0
2019,Rio Grande do Norte,Abril,1.0
2015,Rondonia,Outubro,2470.0
2019,Pernambuco,Maio,12.0
2018,Bahia,Junho,190.0
2015,Santa Catarina,Junho,101.0
2023,Acre,Agosto,1388.0
2017,Paraiba,Maio,1.0
2022,Amazonas,Outubro,1.503
2012,Rio de Janeiro,Janeiro,6.0
2013,Distrito Federal,Maio,2.0
2019,Espirito Santo,Janeiro,25.0
2014,Mato Grosso,Novembro,836.0
2019,Rio Grande do Sul,Julho,379.0
2013,Espirito Santo,Outubro,32.0
2020,Acre,Janeiro,16.0
2023,Roraima,Junho,3.0
2022,Minas Gerais,Agosto,1120.0
2012,Roraima,Novembro,257.0
2013,Acre,Novembro,108.0
2016,Amazonas,Fevereiro,252.0
2021,Amapa,Setembro,137.0
2015,Mato Grosso do Sul,Novembro,228.0
2018,Maranhão,Fevereiro,15.0
2022,Mato Grosso do Sul,Julho,443.0
2022,Paraná,Setembro,85.0
2016,Distrito Federal,Outubro,8.0
2016,Rondonia,Setembro,3.916
2020,Paraiba,Maio,0.0
2021,Tocantins,Dezembro,45.0
2014,Sergipe,Março,26.0
2013,Paraná,Dezembro,150.0
2019,Piaui,Novembro,1.211
2014,Amapa,Agosto,19.0
2017,Pernambuco,Fevereiro,24.0
2013,Rio Grande do Norte,Outubro,63.0
2015,Tocantins,Dezembro,318.0
2013,Distrito Federal,Outubro,3.0
2019,Amapa,Agosto,21.0
2016,Rondonia,Maio,52.0
2012,Santa Catarina,Novembro,120.0
2022,Amapa,Maio,1.0
2014,Pernambuco,Agosto,16.0
2021,Amazonas,Abril,18.0
2014,Paraiba,Março,16.0
2015,São Paulo,Maio,63.0
2018,Rio Grande do Sul,Julho,78.0
2020,Amazonas,Julho,2.119
2014,Pará,Junho,284.0
2012,Amapa,Agosto,31.0
2015,Mato Grosso do Sul,Fevereiro,106.0
2015,Mato Grosso,Abril,638.0
2014,Piaui,Março,78.0
2017,Maranhão,Agosto,3.001
2016,Mato Grosso,Maio,929.0
2017,Ceará,Novembro,953.0
2023,Piaui,Novembro,1156.0
2018,Roraima,Agosto,7.0
2019,Minas Gerais,Junho,322.0
2014,Minas Gerais,Maio,208.0
2013,Pará,Dezembro,5.579
2015,Paraná,Dezembro,23.0
2012,Rio Grande do Norte,Maio,17.0
2020,Piaui,Agosto,919.0
2019,Rio Grande do Sul,Dezembro,101.0
2017,Rio Grande do Norte,Julho,3.0
2016,Maranhão,Julho,2.182
2014,Acre,Novembro,70.0
2015,Pernambuco,Janeiro,101.0
2012,Acre,Abril,3.0
2015,Acre,Junho,42.0
2016,Bahia,Dezembro,163.0
2022,Ceará,Setembro,209.0
2020,Paraná,Julho,337.0
2023,Minas Gerais,Outubro,919.0
2021,Piaui,Outubro,2.652
2023,Maranhão,Julho,2405.0
2013,Distrito Federal,Setembro,33.0
2015,Roraima,Julho,5.0
2021,Sergipe,Dezembro,10.0
2015,Ceará,Janeiro,189.0
2013,Goias,Maio,187.0
2021,Amazonas,Julho,1.173
2012,Pará,Fevereiro,78.0
2021,Distrito Federal,Junho,10.0
2013,Rio de Janeiro,Julho,60.0
2018,Minas Gerais,Dezembro,92.0
2019,Goias,Janeiro,129.0
2014,Espirito Santo,Outubro,82.0
2014,Tocantins,Outubro,3.673
2020,Roraima,Dezembro,58.0
2023,Piaui,Setembro,3941.0
2023,Minas Gerais,Novembro,642.0
2019,Mato Grosso,Março,1.188
2020,Maranhão,Março,39.0
2015,Tocantins,Abril,65.0
2023,Goias,Agosto,488.0
2012,Rio Grande do Sul,Julho,439.0
2020,Rio Grande do Sul,Maio,423.0
2013,Roraima,Junho,6.0
2022,Acre,Março,0.0
2022,Bahia,Junho,632.0
2023,Mato Grosso do Sul,Fevereiro,71.0
2019,Rio de Janeiro,Setembro,208.0
2017,Bahia,Julho,234.0
2021,Minas Gerais,Janeiro,96.0
2013,Distrito Federal,Janeiro,0.0
2012,Goias,Agosto,899.0
2020,Mato Grosso do Sul,Julho,1.305
2013,Distrito Federal,Abril,0.0
2012,Rio Grande do Sul,Maio,247.0
2019,Tocantins,Agosto,2.916
2016,Alagoas,Maio,4.0
2019,Pernambuco,Novembro,246.0
2021,São Paulo,Março,98.0
2018,Pernambuco,Outubro,215.0
2018,Goias,Outubro,345.0
2017,Roraima,Maio,27.0
2015,Paraiba,Janeiro,36.0
2020,Rio Grande do Sul,Abril,457.0
2018,Santa Catarina,Setembro,126.0
2018,Roraima,Novembro,120.0
2022,Amapa,Abril,2.0
2017,Bahia,Novembro,222.0
2013,Pará,Janeiro,291.0
2019,Maranhão,Novembro,3.158
2023,Goias,Janeiro,12.0
2014,Rio Grande do Norte,Dezembro,45.0
2016,Mato Grosso,Fevereiro,763.0
2018,Rio de Janeiro,Dezembro,13.0
2021,Rio Grande do Sul,Agosto,600.0
2020,Pará,Fevereiro,64.0
2013,Bahia,Junho,228.0
2020,Piaui,Outubro,3.437
2016,Roraima,Setembro,18.0
2021,Espirito Santo,Agosto,92.0
2019,Amapa,Abril,0.0
2020,Bahia,Abril,98.0
2022,Rio Grande do Norte,Agosto,13.0
2016,Maranhão,Março,70.0
2022,Rio de Janeiro,Setembro,219.0
2014,Rio Grande do Norte,Maio,1.0
2015,Bahia,Fevereiro,124.0
2016,Rio Grande do Norte,Fevereiro,2.0
2021,Maranhão,Agosto,3.322
2022,Paraiba,Março,3.0
2021,Roraima,Maio,3.0
2020,Tocantins,Setembro,3.977
2022,Distrito Federal,Fevereiro,0.0
2020,Bahia,Fevereiro,153.0
2020,Paraná,Fevereiro,49.0
2021,Pernambuco,Outubro,367.0
2012,Tocantins,Abril,243.0
2017,Ceará,Outubro,793.0
2021,Goias,Fevereiro,89.0
2017,Tocantins,Setembro,6.625
2012,Amazonas,Agosto,3.616
2012,Amazonas,Outubro,1.484
2019,Mato Grosso,Outubro,1.774
2022,Pernambuco,Janeiro,47.0
2023,Rio Grande do Sul,Dezembro,31.0
2012,Mato Grosso,Janeiro,179.0
2021,Mato Grosso do Sul,Dezembro,202.0
2015,Amapa,Fevereiro,0.0
2017,Roraima,Fevereiro,124.0
2023,Minas Gerais,Março,186.0
2017,Rondonia,Julho,1.007
2015,Roraima,Janeiro,411.0
2022,São Paulo,Maio,139.0
2014,Santa Catarina,Outubro,123.0
2016,Distrito Federal,Setembro,51.0
2015,Rondonia,Setembro,5200.0
2021,Mato Grosso,Fevereiro,578.0
2021,Mato Grosso,Abril,631.0
2017,Amazonas,Setembro,3.185
2023,Roraima,Abril,212.0
2022,Bahia,Dezembro,124.0
2019,Sergipe,Outubro,1.0
2022,Rondonia,Dezembro,70.0
2023,Paraiba,Dezembro,169.0
2018,Amapa,Fevereiro,1.0
2020,Minas Gerais,Setembro,3.467
2021,Amapa,Janeiro,0.0
2018,Sergipe,Agosto,5.0
2018,Bahia,Setembro,1930.0
2013,Roraima,Fevereiro,71.0
2018,Maranhão,Julho,1.457
2020,Alagoas,Fevereiro,21.0
2013,Minas Gerais,Agosto,933.0
2017,Maranhão,Setembro,9.243
2013,São Paulo,Janeiro,51.0
2014,Minas Gerais,Dezembro,123.0
2023,Goias,Julho,366.0
2015,Sergipe,Fevereiro,33.0
2023,Goias,Novembro,181.0
2012,Bahia,Julho,909.0
2019,Rio Grande do Sul,Maio,26.0
2018,Sergipe,Janeiro,14.0
2015,Paraiba,Julho,2.0
2022,Maranhão,Dezembro,1.541
2012,Rio Grande do Sul,Abril,61.0
2021,Piaui,Março,32.0
2014,Espirito Santo,Março,15.0
2014,Pará,Maio,55.0
2016,Rio de Janeiro,Março,3.0
2017,Rio Grande do Sul,Novembro,139.0
2014,Roraima,Outubro,65.0
2021,Sergipe,Fevereiro,31.0
2013,Paraná,Abril,137.0
2022,Santa Catarina,Julho,230.0
2016,Tocantins,Agosto,3.213
2015,Acre,Abril,3.0
2022,Paraiba,Outubro,131.0
2023,Mato Grosso do Sul,Setembro,339.0
2015,Minas Gerais,Maio,109.0
2016,Amazonas,Novembro,497.0
2020,Bahia,Agosto,437.0
2021,Santa Catarina,Fevereiro,63.0
2016,Paraiba,Outubro,283.0
2020,Mato Grosso,Novembro,1.919
2015,Alagoas,Setembro,4.0
2012,Minas Gerais,Junho,245.0
2022,Goias,Fevereiro,96.0
2012,Pernambuco,Dezembro,123.0
2012,Paraiba,Setembro,58.0
2017,Sergipe,Fevereiro,12.0
2019,Pernambuco,Abril,11.0
2012,Distrito Federal,Dezembro,0.0
2017,Amapa,Junho,2.0
2012,Espirito Santo,Maio,25.0
2016,Goias,Fevereiro,69.0
2017,Rio Grande do Norte,Novembro,103.0
2016,Rio Grande do Norte,Agosto,23.0
2019,Maranhão,Maio,139.0
2013,Amazonas,Novembro,258.0
2017,Pará,Julho,3.696
2020,Roraima,Maio,11.0
2012,Sergipe,Março,87.0
2017,Mato Grosso do Sul,Setembro,2.084
2019,Sergipe,Julho,0.0
2021,Acre,Fevereiro,0.0
2020,Pará,Junho,491.0
2021,Rio Grande do Sul,Novembro,145.0
2017,Alagoas,Julho,0.0
2022,Pernambuco,Maio,13.0
2018,Mato Grosso,Novembro,363.0
2015,Santa Catarina,Julho,46.0
2017,Mato Grosso do Sul,Novembro,136.0
2013,Pernambuco,Agosto,14.0
2019,Maranhão,Abril,63.0
2017,Goias,Janeiro,46.0
2013,Sergipe,Fevereiro,47.0
2017,Rio de Janeiro,Junho,41.0
2022,Rio de Janeiro,Janeiro,16.0
2023,Alagoas,Maio,4.0
2012,Pará,Janeiro,534.0
2019,Paraná,Dezembro,81.0
2012,Minas Gerais,Agosto,919.0
2017,Pará,Maio,121.0
2015,Minas Gerais,Julho,272.0
2020,Rio de Janeiro,Outubro,52.0
2018,Paraná,Outubro,112.0
2016,Amapa,Fevereiro,1.0
2023,Rio Grande do Sul,Fevereiro,94.0
2020,Minas Gerais,Outubro,2.404
2014,Alagoas,Fevereiro,26.0
2019,Acre,Setembro,2.977
2019,Pará,Fevereiro,80.0
2021,Pernambuco,Março,47.0
2013,Alagoas,Março,36.0
2023,Rio de Janeiro,Maio,16.0
2013,Acre,Outubro,318.0
2012,Bahia,Junho,387.0
2017,Roraima,Outubro,150.0
2016,Bahia,Junho,388.0
2017,Pará,Janeiro,213.0
2023,Distrito Federal,Março,0.0
2019,Roraima,Outubro,53.0
2017,Espirito Santo,Dezembro,0.0
2018,Rio de Janeiro,Outubro,13.0
2014,Sergipe,Maio,1.0
2017,Mato Grosso,Maio,844.0
2020,Pará,Maio,88.0
2016,Tocantins,Abril,340.0
2019,Paraná,Setembro,731.0
2020,Pernambuco,Novembro,214.0
2015,Amapa,Janeiro,27.0
2017,Paraiba,Abril,1.0
2023,Paraiba,Abril,13.0
2012,Paraná,Janeiro,46.0
2021,Distrito Federal,Agosto,50.0
2022,Rondonia,Janeiro,80.0
2021,Piaui,Agosto,2350.0
2013,Rio de Janeiro,Outubro,37.0
2021,Tocantins,Setembro,1.785
2019,Ceará,Dezembro,769.0
2023,Pernambuco,Julho,35.0
2016,Acre,Março,0.0
2022,Goias,Maio,415.0
2017,Amazonas,Janeiro,62.0
2018,Ceará,Outubro,591.0
2014,Alagoas,Novembro,9.0
2016,Pará,Setembro,3.878
2021,Pará,Julho,1.372
2022,Distrito Federal,Maio,14.0
2013,Roraima,Setembro,39.0
2018,Mato Grosso,Fevereiro,266.0
2013,Rio Grande do Norte,Novembro,71.0
2021,Espirito Santo,Junho,26.0
2014,Santa Catarina,Fevereiro,25.0
2023,Espirito Santo,Março,22.0
2013,Pernambuco,Novembro,102.0
2020,Piaui,Fevereiro,38.0
2020,Maranhão,Abril,93.0
2014,Alagoas,Junho,2.0
2020,Paraiba,Outubro,248.0
2021,Rio Grande do Sul,Julho,504.0
2023,Rondonia,Novembro,996.0
2012,Roraima,Setembro,89.0
2017,Piaui,Janeiro,82.0
2019,Espirito Santo,Dezembro,13.0
2019,Santa Catarina,Janeiro,41.0
2020,Goias,Junho,314.0
2016,Amazonas,Maio,26.0
2019,Rio Grande do Norte,Março,2.0
2015,Amazonas,Setembro,5.004
2015,Pernambuco,Agosto,21.0
2016,Mato Grosso do Sul,Outubro,1070.0
2018,Ceará,Novembro,860.0
2013,Piaui,Novembro,590.0
2020,Bahia,Março,92.0
2012,Mato Grosso do Sul,Fevereiro,127.0
2022,São Paulo,Novembro,49.0
2013,Amapa,Abril,2.0
2016,Amapa,Setembro,150.0
2014,São Paulo,Março,58.0
2019,Piaui,Outubro,2.671
2023,Pernambuco,Fevereiro,36.0
2014,Goias,Julho,424.0
2021,Mato Grosso,Dezembro,245.0
2019,Piaui,Setembro,3.137
2014,Rondonia,Junho,99.0
2020,Espirito Santo,Agosto,25.0
2013,Minas Gerais,Setembro,1.618
2019,Santa Catarina,Dezembro,81.0
2015,Acre,Setembro,2.949
2018,Ceará,Junho,17.0
2019,São Paulo,Novembro,60.0
2017,Minas Gerais,Dezembro,61.0
2019,Roraima,Novembro,58.0
2016,Rio de Janeiro,Outubro,28.0
2023,Pernambuco,Janeiro,109.0
2017,Acre,Abril,1.0
2023,Pará,Março,94.0
2020,Acre,Maio,39.0
2021,Ceará,Fevereiro,64.0
2022,Maranhão,Fevereiro,92.0
2015,Mato Grosso do Sul,Julho,355.0
2019,Paraná,Janeiro,92.0
2015,Santa Catarina,Agosto,382.0
2016,Pará,Janeiro,1.479
2016,Espirito Santo,Janeiro,37.0
2022,Ceará,Dezembro,1.445
2021,Mato Grosso do Sul,Julho,916.0
2022,Amazonas,Novembro,961.0
2023,Rio de Janeiro,Agosto,95.0
2014,Distrito Federal,Fevereiro,1.0
2017,Acre,Fevereiro,4.0
2013,Alagoas,Outubro,23.0
2012,Ceará,Julho,50.0
2019,Amazonas,Dezembro,163.0
2022,Ceará,Agosto,140.0
2022,Santa Catarina,Dezembro,28.0
2021,Bahia,Novembro,135.0
2012,Mato Grosso do Sul,Setembro,2.166
2023,Rio Grande do Norte,Outubro,180.0
2012,Pernambuco,Abril,49.0
2023,Distrito Federal,Novembro,3.0
2020,Distrito Federal,Março,0.0
2016,Pará,Abril,51.0
2017,Bahia,Abril,91.0
2014,Espirito Santo,Fevereiro,16.0
2019,Goias,Agosto,698.0
2017,Sergipe,Janeiro,30.0
2015,Distrito Federal,Fevereiro,0.0
2019,Paraná,Agosto,1.144
2019,Rondonia,Janeiro,33.0
2019,Acre,Março,2.0
2016,Rondonia,Janeiro,85.0
2015,Santa Catarina,Janeiro,18.0
2016,Minas Gerais,Fevereiro,127.0
2016,Roraima,Abril,154.0
2018,Mato Grosso do Sul,Março,163.0
2012,Minas Gerais,Julho,701.0
2019,Roraima,Julho,4.0
2023,Piaui,Janeiro,96.0
2012,Distrito Federal,Julho,27.0
2019,Paraiba,Novembro,351.0
2018,Paraiba,Setembro,70.0
2014,Maranhão,Julho,2.027
2014,Rondonia,Julho,209.0
2023,Espirito Santo,Setembro,54.0
2021,Rio Grande do Sul,Setembro,183.0
2014,Rio de Janeiro,Julho,44.0
2016,Sergipe,Setembro,2.0
2022,Paraná,Maio,123.0
2015,Rio Grande do Sul,Fevereiro,34.0
2019,Rio Grande do Norte,Fevereiro,5.0
2016,Rio Grande do Sul,Março,33.0
2023,Santa Catarina,Novembro,61.0
2022,Rio de Janeiro,Abril,12.0
2013,Ceará,Maio,9.0
2018,Maranhão,Novembro,2.309
2023,Rondonia,Dezembro,179.0
2016,Maranhão,Fevereiro,268.0
2020,Sergipe,Dezembro,15.0
2022,Roraima,Junho,9.0
2014,Pernambuco,Julho,11.0
2020,Rio Grande do Sul,Fevereiro,89.0
2022,Ceará,Maio,3.0
2023,Ceará,Agosto,179.0
2022,Tocantins,Fevereiro,62.0
2018,Rio de Janeiro,Novembro,2.0
2015,Acre,Março,1.0
2014,São Paulo,Junho,312.0
2014,Pernambuco,Junho,4.0
2022,Goias,Janeiro,69.0
2020,Goias,Fevereiro,92.0
2018,Tocantins,Fevereiro,16.0
2017,Paraiba,Setembro,22.0
2022,Roraima,Setembro,92.0
2018,Espirito Santo,Maio,4.0
2022,Mato Grosso do Sul,Janeiro,205.0
2021,Bahia,Janeiro,220.0
2019,Ceará,Agosto,138.0
2016,Rio Grande do Sul,Maio,39.0
2014,Mato Grosso,Fevereiro,134.0
2015,São Paulo,Julho,139.0
2021,Paraiba,Janeiro,40.0
2021,Bahia,Setembro,6.491
2014,Rondonia,Fevereiro,4.0
2019,Goias,Junho,217.0
2018,Pará,Março,51.0
2022,Bahia,Fevereiro,137.0
2020,Bahia,Maio,95.0
2023,Amazonas,Abril,20.0
2023,Alagoas,Janeiro,22.0
2012,Mato Grosso,Fevereiro,200.0
2022,Pará,Agosto,12.472
2021,Alagoas,Outubro,15.0
2021,Espirito Santo,Janeiro,44.0
2012,Rio Grande do Sul,Outubro,134.0
2016,Tocantins,Janeiro,30.0
2021,Espirito Santo,Setembro,123.0
2013,Rio de Janeiro,Abril,4.0
2012,Mato Grosso do Sul,Maio,154.0
2012,Pernambuco,Setembro,171.0
2023,Roraima,Agosto,78.0
2015,Acre,Novembro,115.0
2019,Mato Grosso,Junho,2.151
2019,Rio Grande do Norte,Julho,4.0
2013,Amapa,Março,1.0
2012,Amapa,Abril,2.0
2023,Maranhão,Outubro,4283.0
2020,Alagoas,Janeiro,45.0
2023,Rondonia,Maio,50.0
2013,Bahia,Novembro,248.0
2013,Sergipe,Julho,0.0
2023,Ceará,Dezembro,1826.0
2022,São Paulo,Abril,47.0
2016,Paraná,Abril,162.0
2021,Amazonas,Dezembro,43.0
2016,Goias,Agosto,1.038
2020,Tocantins,Janeiro,75.0
2015,Roraima,Maio,14.0
2023,São Paulo,Outubro,58.0
2020,Distrito Federal,Dezembro,1.0
2014,Tocantins,Agosto,2790.0
2015,Roraima,Outubro,194.0
2014,Maranhão,Fevereiro,17.0
2013,São Paulo,Outubro,133.0
2022,Mato Grosso,Junho,2210.0
2020,Minas Gerais,Janeiro,80.0
2021,Rondonia,Dezembro,31.0
2015,Rio Grande do Norte,Abril,5.0
2017,Minas Gerais,Fevereiro,54.0
2017,Rio de Janeiro,Novembro,39.0
2013,Rondonia,Maio,19.0
2019,Paraiba,Abril,0.0
2019,Pará,Setembro,4.618
2022,Rio Grande do Sul,Setembro,119.0
2023,Mato Grosso,Janeiro,240.0
2016,Ceará,Dezembro,804.0
2022,Mato Grosso,Agosto,7.699
2012,Bahia,Agosto,1810.0
2021,Rondonia,Setembro,2.636
2019,Acre,Dezembro,1.0
2015,Amapa,Maio,0.0
2014,Ceará,Agosto,133.0
2015,Amazonas,Julho,365.0
2012,Piaui,Fevereiro,38.0
2017,Rio de Janeiro,Agosto,124.0
2013,Amazonas,Outubro,1.235
2021,Ceará,Abril,6.0
2020,Distrito Federal,Outubro,39.0
2018,Santa Catarina,Março,22.0
2019,Mato Grosso,Fevereiro,709.0
2022,Pará,Julho,1.681
2017,Rio de Janeiro,Outubro,182.0
2018,Rio Grande do Sul,Novembro,47.0
2013,Santa Catarina,Agosto,454.0
2015,Bahia,Março,183.0
2021,Mato Grosso,Maio,1.149
2014,Piaui,Fevereiro,12.0
2019,Rio Grande do Sul,Outubro,104.0
2014,Piaui,Janeiro,91.0
2012,Tocantins,Fevereiro,51.0
2023,Mato Grosso,Novembro,3705.0
2012,Sergipe,Fevereiro,36.0
2013,Paraná,Julho,311.0
2023,Espirito Santo,Abril,4.0
2016,Santa Catarina,Janeiro,64.0
2020,Paraná,Abril,309.0
2015,Pernambuco,Setembro,107.0
2019,Mato Grosso do Sul,Dezembro,141.0
2016,Distrito Federal,Agosto,35.0
2017,Ceará,Setembro,336.0
2015,Tocantins,Julho,1.198
2017,Mato Grosso do Sul,Julho,817.0
2013,Goias,Abril,61.0
2014,Mato Grosso do Sul,Abril,113.0
2018,Piaui,Julho,1.067
2012,Maranhão,Dezembro,2.086
2012,Alagoas,Abril,18.0
2018,Pernambuco,Abril,5.0
2012,Paraiba,Março,11.0
2023,Rio Grande do Norte,Julho,10.0
2020,Mato Grosso,Fevereiro,806.0
2013,Maranhão,Maio,132.0
2019,Minas Gerais,Março,127.0
2021,Rio Grande do Sul,Janeiro,54.0
2021,Mato Grosso,Janeiro,479.0
2020,Maranhão,Dezembro,1.228
2021,Santa Catarina,Junho,26.0
2021,Minas Gerais,Julho,1.302
2017,Goias,Abril,58.0
2020,Sergipe,Novembro,3.0
2015,Pará,Agosto,7.672
2020,Pará,Setembro,10.876
2014,Tocantins,Janeiro,90.0
2019,Mato Grosso do Sul,Julho,748.0
2016,São Paulo,Agosto,840.0
2018,Tocantins,Outubro,1.371
2018,São Paulo,Dezembro,73.0
2018,Goias,Junho,183.0
2015,São Paulo,Março,45.0
2016,Roraima,Dezembro,134.0
2015,Piaui,Dezembro,603.0
2012,Piaui,Janeiro,100.0
2016,Roraima,Junho,10.0
2023,Sergipe,Maio,2.0
2020,Espirito Santo,Setembro,131.0
2012,Sergipe,Abril,40.0
2017,Espirito Santo,Junho,23.0
2018,Pará,Setembro,4.892
2015,Amapa,Junho,2.0
2012,Tocantins,Agosto,4.269
2022,São Paulo,Fevereiro,120.0
2018,Mato Grosso,Junho,1.623
2017,Distrito Federal,Julho,28.0
2019,Bahia,Fevereiro,432.0
2022,São Paulo,Setembro,258.0
2016,Paraná,Agosto,994.0
2012,Mato Grosso do Sul,Novembro,150.0
2017,Minas Gerais,Julho,471.0
2014,Acre,Agosto,1.263
2017,Rio Grande do Norte,Fevereiro,13.0
2014,Distrito Federal,Agosto,96.0
2012,Minas Gerais,Janeiro,90.0
2021,Santa Catarina,Outubro,20.0
2018,Tocantins,Julho,1.321
2012,Minas Gerais,Dezembro,238.0
2020,Rio de Janeiro,Novembro,9.0
2018,Roraima,Maio,10.0
2012,Maranhão,Setembro,7.376
2021,Distrito Federal,Abril,4.0
2019,Paraiba,Fevereiro,7.0
2018,Goias,Julho,405.0
2016,Amapa,Agosto,39.0
2019,Minas Gerais,Setembro,3.833
2022,Rio Grande do Norte,Abril,1.0
2016,São Paulo,Janeiro,56.0
2014,Mato Grosso,Março,481.0
2012,Paraiba,Maio,8.0
2012,Acre,Dezembro,3.0
2022,Pará,Outubro,7.469
2020,Rondonia,Janeiro,56.0
2019,Maranhão,Junho,749.0
2017,Amazonas,Abril,15.0
2021,Roraima,Outubro,125.0
2023,Ceará,Outubro,1969.0
2015,Rio Grande do Norte,Setembro,33.0
2012,Sergipe,Setembro,0.0
2021,Rio de Janeiro,Abril,7.0
2015,Amapa,Outubro,927.0
2017,Mato Grosso do Sul,Maio,69.0
2021,Bahia,Fevereiro,96.0
2018,Distrito Federal,Outubro,0.0
2018,Piaui,Janeiro,84.0
2020,Pará,Outubro,8.052
2013,Distrito Federal,Fevereiro,1.0
2016,Espirito Santo,Maio,42.0
2023,Rio Grande do Sul,Maio,127.0
2021,Ceará,Setembro,411.0
2014,Paraná,Maio,111.0
2022,Paraná,Julho,311.0
2014,Amazonas,Junho,73.0
2015,Alagoas,Fevereiro,40.0
2013,Mato Grosso,Dezembro,408.0
2013,Rio Grande do Norte,Fevereiro,26.0
2017,Bahia,Outubro,3.144
2016,Piaui,Junho,151.0
2014,Maranhão,Maio,140.0
2015,Maranhão,Março,41.0
2015,Santa Catarina,Maio,70.0
2013,Roraima,Março,265.0
2014,Bahia,Setembro,2.472
2012,Pernambuco,Agosto,25.0
2022,Rio Grande do Norte,Março,3.0
2017,Roraima,Setembro,40.0
2014,Rio Grande do Sul,Abril,64.0
2017,Maranhão,Outubro,4.538
2020,Sergipe,Maio,5.0
2021,Goias,Março,86.0
2023,Rio Grande do Norte,Setembro,65.0
2020,Santa Catarina,Março,132.0
2018,Rondonia,Julho,769.0
2019,Alagoas,Outubro,20.0
2017,Rio de Janeiro,Janeiro,12.0
2014,Santa Catarina,Agosto,521.0
2019,Roraima,Janeiro,383.0
2020,Rio Grande do Sul,Agosto,1.404
2013,Minas Gerais,Novembro,244.0
2018,Mato Grosso do Sul,Outubro,124.0
2021,São Paulo,Agosto,2.277
2019,Maranhão,Março,57.0
2015,Espirito Santo,Junho,16.0
2014,Piaui,Outubro,1.657
2022,Rio de Janeiro,Junho,45.0
2019,Amazonas,Maio,21.0
2013,Pernambuco,Setembro,136.0
2022,Piaui,Outubro,4.071
2014,Rio Grande do Norte,Abril,2.0
2023,Mato Grosso do Sul,Março,118.0
2023,Rio Grande do Norte,Junho,6.0
2022,Amapa,Janeiro,8.0
2014,Maranhão,Junho,786.0
2012,Distrito Federal,Janeiro,0.0
2018,Mato Grosso do Sul,Novembro,56.0
2012,Rio de Janeiro,Agosto,76.0
2014,Minas Gerais,Abril,145.0
2021,Maranhão,Janeiro,228.0
2023,Acre,Abril,0.0
2018,Rio Grande do Sul,Fevereiro,72.0
2023,Pará,Julho,2027.0
2022,Rio Grande do Sul,Dezembro,106.0
2013,Santa Catarina,Setembro,370.0
2017,Acre,Dezembro,10.0
2020,Piaui,Maio,54.0
2020,São Paulo,Janeiro,69.0
2013,Piaui,Outubro,1.241
2021,Maranhão,Outubro,3.069
2013,São Paulo,Novembro,105.0
2020,Ceará,Dezembro,956.0
2016,Amapa,Outubro,816.0
2014,Paraiba,Fevereiro,5.0
2013,Paraiba,Maio,4.0
2020,Rio Grande do Sul,Março,227.0
2015,Ceará,Julho,23.0
2020,Paraiba,Junho,4.0
2023,Mato Grosso do Sul,Novembro,1815.0
2019,São Paulo,Julho,393.0
2019,Ceará,Maio,3.0
2014,Ceará,Dezembro,660.0
2014,Tocantins,Setembro,3.339
2016,Distrito Federal,Dezembro,0.0
2017,Maranhão,Julho,1.973
2015,Maranhão,Fevereiro,78.0
2013,Espirito Santo,Janeiro,14.0
2021,Mato Grosso,Outubro,2.358
2015,Pará,Outubro,7.379
2018,Ceará,Agosto,202.0
2019,Maranhão,Julho,1.078
2013,Maranhão,Agosto,2.374
2014,Goias,Junho,302.0
2012,Rio de Janeiro,Novembro,12.0
2018,Pará,Dezembro,1.005
2016,Espirito Santo,Setembro,112.0
2012,Paraiba,Outubro,148.0
2019,Goias,Dezembro,88.0
2018,Amapa,Junho,3.0
2013,Distrito Federal,Agosto,33.0
2017,Ceará,Abril,3.0
2020,Acre,Junho,71.0
2013,Goias,Janeiro,43.0
2014,Bahia,Outubro,2.515
2017,Bahia,Junho,213.0
2014,Espirito Santo,Setembro,52.0
2013,Bahia,Julho,378.0
2021,Rio de Janeiro,Junho,25.0
2012,Piaui,Agosto,3.615
2018,Paraiba,Maio,1.0
2012,Tocantins,Dezembro,170.0
2013,Tocantins,Abril,162.0
2022,Distrito Federal,Julho,60.0
2015,Rio Grande do Sul,Junho,70.0
2016,Rio Grande do Norte,Julho,10.0
2021,Espirito Santo,Março,45.0
2014,Distrito Federal,Janeiro,0.0
2019,Tocantins,Junho,1.406
2022,Mato Grosso do Sul,Setembro,245.0
2019,Ceará,Julho,18.0
2022,Bahia,Março,233.0
2016,Piaui,Setembro,1.344
2017,Paraiba,Julho,1.0
2018,Roraima,Setembro,17.0
2016,Rio Grande do Norte,Janeiro,13.0
2022,Paraiba,Fevereiro,3.0
2013,Maranhão,Fevereiro,72.0
2021,Mato Grosso do Sul,Novembro,205.0
2019,Distrito Federal,Julho,30.0
2018,Mato Grosso do Sul,Fevereiro,50.0
2016,Rio de Janeiro,Junho,30.0
2018,Maranhão,Setembro,3.177
2020,Tocantins,Maio,446.0
2018,Espirito Santo,Novembro,11.0
2017,Rio de Janeiro,Maio,16.0
2018,Espirito Santo,Dezembro,18.0
2022,Mato Grosso do Sul,Novembro,100.0
2014,Paraná,Agosto,664.0
2021,Alagoas,Agosto,2.0
2013,Rio Grande do Sul,Março,56.0
2012,Distrito Federal,Março,0.0
2012,Goias,Outubro,1450.0
2019,Tocantins,Setembro,4.505
2023,Pernambuco,Março,31.0
2018,Rio Grande do Sul,Abril,86.0
2016,Minas Gerais,Julho,986.0
2018,Paraná,Setembro,310.0
2019,Distrito Federal,Março,0.0
2016,São Paulo,Maio,138.0
2017,Rondonia,Dezembro,58.0
2015,Rio Grande do Norte,Agosto,16.0
2017,Amapa,Janeiro,2.0
2021,Sergipe,Agosto,0.0
2023,Alagoas,Julho,6.0
2015,Pernambuco,Dezembro,159.0
2023,Alagoas,Setembro,10.0
2020,Amapa,Março,1.0
2015,Sergipe,Junho,3.0
2012,Amapa,Janeiro,34.0
2019,Piaui,Janeiro,115.0
2013,Rio Grande do Norte,Dezembro,39.0
2013,Rio Grande do Sul,Janeiro,47.0
2012,São Paulo,Agosto,521.0
2017,Piaui,Setembro,2.192
2017,Piaui,Maio,45.0
2016,Rio Grande do Sul,Setembro,629.0
2015,Bahia,Julho,300.0
2017,São Paulo,Agosto,734.0
2013,Amazonas,Setembro,2.204
2015,Mato Grosso,Julho,1.461
2021,Amapa,Maio,0.0
2021,São Paulo,Novembro,41.0
2016,Espirito Santo,Dezembro,12.0
2014,Rondonia,Abril,16.0
2014,Amapa,Novembro,653.0
2017,Goias,Fevereiro,64.0
2022,Amapa,Novembro,117.0
2019,Espirito Santo,Julho,78.0
2017,Maranhão,Novembro,2.706
2014,Rio de Janeiro,Janeiro,26.0
2014,Rio Grande do Sul,Outubro,97.0
2014,Maranhão,Dezembro,2.329
2013,Minas Gerais,Outubro,1.157
2023,Rondonia,Junho,88.0
2021,Piaui,Maio,169.0
2014,Pará,Novembro,7.908
2017,Rio Grande do Sul,Março,39.0
2012,Santa Catarina,Dezembro,45.0
2023,Goias,Maio,292.0
2021,Alagoas,Junho,0.0
2023,Rondonia,Agosto,1715.0
2016,Mato Grosso do Sul,Junho,132.0
2013,Rondonia,Setembro,2.472
2014,Paraiba,Agosto,28.0
2018,Bahia,Dezembro,119.0
2022,Pará,Junho,556.0
2012,Rondonia,Fevereiro,9.0
2022,Espirito Santo,Agosto,85.0
2018,Mato Grosso,Agosto,2650.0
2022,Sergipe,Fevereiro,12.0
2014,Mato Grosso do Sul,Junho,81.0
2020,Roraima,Setembro,62.0
2022,Maranhão,Outubro,4.495
2018,Roraima,Janeiro,480.0
2013,Minas Gerais,Janeiro,93.0
2018,Pernambuco,Janeiro,35.0
2021,Rondonia,Outubro,1.763
2020,São Paulo,Agosto,1.111
2018,Rondonia,Junho,148.0
2016,Bahia,Março,237.0
2023,Sergipe,Junho,0.0
2015,Mato Grosso,Março,517.0
2023,Mato Grosso,Fevereiro,515.0
2016,Ceará,Fevereiro,12.0
2019,Rio Grande do Norte,Maio,0.0
2022,Mato Grosso do Sul,Fevereiro,182.0
2023,Rondonia,Janeiro,42.0
2013,Mato Grosso,Outubro,1.828
2020,São Paulo,Março,127.0
2012,São Paulo,Outubro,259.0
2016,Goias,Novembro,115.0
2015,Amazonas,Agosto,4.235
2012,Tocantins,Julho,1.655
2022,Amazonas,Setembro,8.659
2017,Pernambuco,Janeiro,52.0
2013,Santa Catarina,Janeiro,27.0
2018,Acre,Março,1.0
2020,Distrito Federal,Junho,11.0
2014,Roraima,Fevereiro,332.0
2016,Paraná,Maio,77.0
2015,Rondonia,Maio,13.0
2017,São Paulo,Fevereiro,88.0
2019,Goias,Abril,83.0
2016,Maranhão,Novembro,3.826
2018,Maranhão,Outubro,1.832
2016,Mato Grosso do Sul,Novembro,235.0
2017,Santa Catarina,Março,20.0
2012,Rio Grande do Norte,Janeiro,66.0
2022,Minas Gerais,Novembro,154.0
2012,Paraiba,Janeiro,54.0
2015,Rio Grande do Sul,Agosto,381.0
2017,Paraiba,Agosto,2.0
2020,Paraná,Maio,319.0
2021,Sergipe,Outubro,5.0
2013,Pernambuco,Janeiro,56.0
2014,Bahia,Dezembro,126.0
2016,São Paulo,Outubro,172.0
2020,Roraima,Junho,4.0
2021,Santa Catarina,Março,68.0
2023,Maranhão,Dezembro,1872.0
2013,Santa Catarina,Fevereiro,11.0
2017,Rio Grande do Sul,Junho,96.0
2021,Mato Grosso do Sul,Junho,257.0
2020,Rio de Janeiro,Janeiro,7.0
2023,Goias,Dezembro,132.0
2014,Espirito Santo,Novembro,17.0
2016,Amapa,Junho,2.0
2020,Mato Grosso,Setembro,20.312
2018,Sergipe,Março,22.0
2014,Alagoas,Agosto,3.0
2018,Tocantins,Janeiro,97.0
2022,Sergipe,Dezembro,11.0
2020,Goias,Agosto,964.0
2020,Distrito Federal,Abril,5.0
2022,Piaui,Setembro,2.731
2019,Paraiba,Maio,3.0
2022,Bahia,Agosto,947.0
2023,Distrito Federal,Fevereiro,2.0
2022,Paraiba,Setembro,46.0
2016,Pará,Março,53.0
2020,Distrito Federal,Julho,25.0
2018,Santa Catarina,Dezembro,71.0
2015,Espirito Santo,Novembro,131.0
2013,Pará,Outubro,5510.0
2015,Rio de Janeiro,Novembro,3.0
2019,Acre,Julho,272.0
2019,Espirito Santo,Junho,19.0
2020,Amapa,Julho,2.0
2021,Amazonas,Maio,45.0
2016,Mato Grosso do Sul,Janeiro,108.0
2014,São Paulo,Setembro,843.0
2013,Mato Grosso do Sul,Janeiro,161.0
2020,Tocantins,Abril,221.0
2015,Rio de Janeiro,Dezembro,5.0
2021,Roraima,Junho,11.0
2019,Santa Catarina,Março,22.0
2020,Espirito Santo,Maio,11.0
2019,Ceará,Janeiro,194.0
2019,Piaui,Fevereiro,35.0
2013,Santa Catarina,Março,30.0
2021,Tocantins,Novembro,131.0
2013,Pará,Março,20.0
2023,Acre,Outubro,1675.0
2023,Piaui,Julho,974.0
2012,Maranhão,Junho,987.0
2021,Rio Grande do Norte,Outubro,122.0
2014,Paraná,Junho,114.0
2016,Mato Grosso do Sul,Agosto,1.292
2019,Goias,Outubro,873.0
2019,Distrito Federal,Fevereiro,1.0
2014,Rio Grande do Norte,Outubro,69.0
2012,Distrito Federal,Junho,4.0
2021,Espirito Santo,Novembro,9.0
2015,Pará,Novembro,9.783
2020,Rondonia,Maio,58.0
2017,Rio de Janeiro,Dezembro,4.0
2014,São Paulo,Janeiro,66.0
2022,Rio Grande do Sul,Março,71.0
2019,Rio de Janeiro,Abril,0.0
2019,Minas Gerais,Fevereiro,111.0
2018,Paraná,Maio,241.0
2019,Acre,Outubro,354.0
2016,Amapa,Janeiro,16.0
2021,Santa Catarina,Dezembro,86.0
2012,São Paulo,Fevereiro,107.0
2013,Mato Grosso do Sul,Março,160.0
2015,Espirito Santo,Outubro,290.0
2019,Alagoas,Dezembro,67.0
2019,Rio de Janeiro,Janeiro,36.0
2015,Tocantins,Março,66.0
2018,Alagoas,Junho,6.0
2013,Pará,Novembro,3.844
2012,Espirito Santo,Junho,21.0
2021,Rio Grande do Norte,Janeiro,63.0
2023,Pernambuco,Dezembro,218.0
2017,Santa Catarina,Junho,66.0
2012,Minas Gerais,Abril,201.0
2014,Paraná,Dezembro,75.0
2017,Mato Grosso do Sul,Outubro,541.0
2021,Rio de Janeiro,Outubro,5.0
2013,Tocantins,Dezembro,79.0
2023,Paraná,Novembro,72.0
2017,Amapa,Outubro,440.0
2018,Amapa,Novembro,450.0
2022,Paraiba,Junho,4.0
2019,Distrito Federal,Abril,0.0
2021,Amazonas,Março,17.0
2022,Distrito Federal,Setembro,85.0
2020,São Paulo,Novembro,115.0
2015,Rio Grande do Norte,Julho,3.0
2012,Mato Grosso,Dezembro,572.0
2018,Piaui,Setembro,2.678
2013,Rio Grande do Sul,Agosto,372.0
2020,Amazonas,Janeiro,197.0
2023,Mato Grosso do Sul,Junho,270.0
2018,Rondonia,Agosto,1.975
2017,São Paulo,Maio,45.0
2017,Pará,Agosto,8.781
2015,Distrito Federal,Janeiro,1.0
2023,São Paulo,Setembro,375.0
2018,Minas Gerais,Setembro,1860.0
2022,São Paulo,Agosto,315.0
2023,Maranhão,Janeiro,298.0
2020,Acre,Abril,4.0
2023,Rio de Janeiro,Setembro,106.0
2015,Tocantins,Setembro,4470.0
2020,Pernambuco,Outubro,270.0
2021,Goias,Julho,627.0
2017,Santa Catarina,Dezembro,69.0
2018,Rio Grande do Norte,Março,12.0
2013,Santa Catarina,Outubro,116.0
2019,Acre,Agosto,3.051
2018,Pernambuco,Julho,6.0
2022,Distrito Federal,Agosto,55.0
2017,Pernambuco,Agosto,18.0
2021,Acre,Janeiro,5.0
2018,Paraná,Março,21.0
2015,Rio Grande do Sul,Novembro,20.0
2013,Rio de Janeiro,Novembro,26.0
2020,Paraiba,Março,3.0
2012,Rio Grande do Norte,Agosto,28.0
2021,Amazonas,Fevereiro,33.0
2013,Alagoas,Janeiro,45.0
2016,Rio Grande do Sul,Outubro,84.0
2015,Rondonia,Novembro,901.0
2016,Alagoas,Julho,5.0
2017,Tocantins,Janeiro,57.0
2017,Piaui,Fevereiro,19.0
2015,Pará,Abril,22.0
2021,Alagoas,Julho,0.0
2016,Goias,Setembro,1.571
2012,Rio Grande do Norte,Setembro,36.0
2023,Mato Grosso,Outubro,2454.0
2013,Maranhão,Novembro,2.368
2016,Amazonas,Março,105.0
2017,Paraiba,Fevereiro,8.0
2012,Bahia,Setembro,6.815
2020,Rio Grande do Sul,Dezembro,52.0
2022,Pará,Janeiro,202.0
2015,Espirito Santo,Abril,25.0
2019,Ceará,Outubro,1.373
2016,Rondonia,Junho,174.0
2020,Rio Grande do Norte,Setembro,106.0
2013,Paraiba,Agosto,3.0
2015,Distrito Federal,Junho,1.0
2017,Rondonia,Novembro,423.0
2023,Alagoas,Dezembro,38.0
2012,Pernambuco,Junho,16.0
2015,Pernambuco,Novembro,263.0
2023,Rio de Janeiro,Março,10.0
2013,Distrito Federal,Junho,5.0
2017,Mato Grosso,Março,698.0
2015,Rio de Janeiro,Março,15.0
2012,Paraiba,Julho,4.0
2019,Distrito Federal,Outubro,27.0
2016,Alagoas,Fevereiro,14.0
2019,São Paulo,Fevereiro,35.0
2022,Goias,Dezembro,28.0
2014,Rio Grande do Norte,Junho,1.0
2016,Minas Gerais,Abril,166.0
2023,Roraima,Outubro,409.0
2020,Roraima,Janeiro,297.0
2014,Rondonia,Agosto,2.846
2012,Mato Grosso,Agosto,6.429
2015,Goias,Junho,263.0
2023,Minas Gerais,Abril,133.0
2016,Rondonia,Abril,56.0
2015,Maranhão,Maio,184.0
2022,Amapa,Fevereiro,1.0
2023,Paraná,Julho,121.0
2023,Acre,Dezembro,4.0
2017,Ceará,Fevereiro,10.0
2021,Ceará,Agosto,258.0
2012,Roraima,Abril,49.0
2021,Sergipe,Setembro,0.0
2023,Mato Grosso do Sul,Maio,205.0
2013,Amazonas,Janeiro,43.0
2021,Rondonia,Agosto,4.319
2022,Espirito Santo,Fevereiro,5.0
2022,Piaui,Março,17.0
2016,Sergipe,Março,25.0
2019,Amapa,Março,0.0
2020,Ceará,Junho,12.0
2018,Pernambuco,Novembro,186.0
2023,Paraná,Abril,56.0
2016,Mato Grosso,Junho,1.306
2015,Rio Grande do Sul,Maio,166.0
2023,Paraiba,Setembro,107.0
2013,Minas Gerais,Março,136.0
2020,Amazonas,Fevereiro,73.0
2012,Paraná,Junho,132.0
2013,Rondonia,Junho,32.0
2022,Alagoas,Maio,3.0
2012,Bahia,Março,472.0
2022,Acre,Dezembro,9.0
2016,Amazonas,Julho,1.087
2015,Amapa,Setembro,198.0
2016,Mato Grosso do Sul,Dezembro,112.0
2019,Piaui,Abril,25.0
2023,Minas Gerais,Agosto,1029.0
2013,Tocantins,Janeiro,59.0
2018,Maranhão,Agosto,2.833
2023,Tocantins,Abril,179.0
2013,Acre,Maio,11.0
2020,Pernambuco,Agosto,18.0
2019,Mato Grosso do Sul,Janeiro,542.0
2017,Piaui,Dezembro,465.0
2020,Amazonas,Novembro,374.0
2018,Piaui,Fevereiro,8.0
2014,Espirito Santo,Julho,11.0
2018,Goias,Agosto,518.0
2023,Alagoas,Novembro,38.0
2013,Rondonia,Agosto,1.102
2013,Minas Gerais,Dezembro,80.0
2013,São Paulo,Junho,70.0
2018,Alagoas,Dezembro,35.0
2015,Goias,Julho,320.0
2012,Rio Grande do Sul,Março,100.0
2019,Amapa,Outubro,540.0
2022,Espirito Santo,Abril,21.0
2013,Roraima,Outubro,116.0
2014,Tocantins,Julho,1.364
2020,Mato Grosso do Sul,Outubro,1.949
2015,Paraiba,Maio,6.0
2021,Rondonia,Junho,131.0
2014,Pernambuco,Maio,2.0
2017,Rio Grande do Norte,Dezembro,66.0
2017,Paraná,Abril,103.0
2023,São Paulo,Maio,145.0
2021,Rio Grande do Norte,Março,16.0
2013,Bahia,Abril,125.0
2020,Sergipe,Agosto,1.0
2016,Distrito Federal,Julho,78.0
2023,Santa Catarina,Fevereiro,35.0
2013,Piaui,Abril,34.0
2013,Tocantins,Maio,411.0
2019,Espirito Santo,Março,22.0
2014,Mato Grosso do Sul,Novembro,175.0
2020,Paraiba,Janeiro,63.0
2023,Bahia,Maio,465.0
2016,Pernambuco,Agosto,33.0
2013,Espirito Santo,Dezembro,8.0
2018,Bahia,Maio,101.0
2012,Santa Catarina,Março,111.0
2012,Minas Gerais,Fevereiro,140.0
2021,Espirito Santo,Dezembro,2.0
2019,Rio Grande do Norte,Dezembro,99.0
2018,Pernambuco,Março,8.0
2014,Piaui,Setembro,2.494
2014,Sergipe,Novembro,8.0
2020,Amazonas,Outubro,1.265
2014,Amazonas,Abril,20.0
2015,Rio de Janeiro,Julho,67.0
2023,Paraiba,Julho,17.0
2019,Piaui,Março,46.0
2014,Amapa,Setembro,161.0
2012,Distrito Federal,Novembro,0.0
2020,Piaui,Julho,511.0
2014,Maranhão,Novembro,3710.0
2021,Maranhão,Dezembro,1.244
2015,Amazonas,Outubro,2.233
2023,Maranhão,Maio,478.0
2016,Tocantins,Novembro,586.0
2020,Rio de Janeiro,Junho,40.0
2019,Bahia,Julho,337.0
2020,Rondonia,Março,38.0
2013,Ceará,Julho,8.0
2012,Rio Grande do Norte,Abril,4.0
2018,Mato Grosso do Sul,Junho,131.0
2014,Mato Grosso do Sul,Dezembro,72.0
2015,Mato Grosso do Sul,Junho,289.0
2016,Ceará,Novembro,1.373
2015,Rondonia,Junho,120.0
2020,Amapa,Setembro,84.0
2021,Sergipe,Maio,1.0
2017,Pará,Março,18.0
2017,Pará,Novembro,9.639
2020,Roraima,Março,695.0
2017,Mato Grosso do Sul,Agosto,1.159
2017,Sergipe,Março,17.0
2012,Piaui,Outubro,2.639
2023,Acre,Julho,212.0
2020,Maranhão,Setembro,4.403
2021,Bahia,Dezembro,61.0
2015,Bahia,Agosto,791.0
2023,Espirito Santo,Agosto,30.0
2021,Roraima,Novembro,174.0
2015,Maranhão,Outubro,6.387
2017,Rio Grande do Norte,Janeiro,27.0
2023,Rio de Janeiro,Junho,34.0
2016,Distrito Federal,Novembro,1.0
2014,Paraiba,Julho,9.0
2019,Alagoas,Janeiro,32.0
2021,Minas Gerais,Abril,150.0
2014,Acre,Março,1.0
2014,Bahia,Novembro,308.0
2019,Acre,Janeiro,1.0
2014,Pará,Julho,813.0
2016,Acre,Setembro,3.863
2023,Espirito Santo,Novembro,183.0
2022,Roraima,Agosto,40.0
2021,Pernambuco,Setembro,156.0
2014,Minas Gerais,Março,62.0
2017,Rondonia,Abril,20.0
2017,Goias,Outubro,1.858
2019,Paraiba,Julho,4.0
2020,Bahia,Novembro,447.0
2014,Piaui,Maio,131.0
2022,Mato Grosso,Novembro,1.746
2012,Rio Grande do Norte,Novembro,90.0
2016,São Paulo,Junho,196.0
2021,Piaui,Dezembro,232.0
2015,Minas Gerais,Março,62.0
2019,Mato Grosso,Janeiro,576.0
2019,Espirito Santo,Outubro,73.0
2015,Sergipe,Outubro,4.0
2014,Goias,Novembro,160.0
2023,Paraná,Março,75.0
2020,Acre,Outubro,1.652
2014,Mato Grosso do Sul,Março,72.0
2014,Acre,Outubro,406.0
2012,Piaui,Novembro,530.0
2019,Sergipe,Março,12.0
2013,Amapa,Dezembro,197.0
2017,Roraima,Novembro,421.0
2015,Ceará,Dezembro,965.0
2012,Ceará,Março,13.0
2015,Piaui,Janeiro,77.0
2022,Minas Gerais,Dezembro,34.0
2023,Pará,Abril,58.0
2015,Pará,Junho,241.0
2023,Mato Grosso,Maio,1666.0
2022,Rondonia,Março,17.0
2014,Sergipe,Fevereiro,16.0
2020,Santa Catarina,Janeiro,35.0
2015,Roraima,Agosto,14.0
2020,Amazonas,Abril,12.0
2016,Piaui,Fevereiro,83.0
2023,Minas Gerais,Fevereiro,162.0
2021,Sergipe,Março,56.0
2013,Goias,Novembro,162.0
2023,Pernambuco,Agosto,53.0
2013,Acre,Fevereiro,0.0
2013,Mato Grosso do Sul,Agosto,715.0
2022,Piaui,Abril,35.0
2020,Rio Grande do Norte,Agosto,30.0
2019,Pará,Junho,315.0
2018,Amazonas,Julho,1.346
2018,Ceará,Dezembro,723.0
2021,Alagoas,Novembro,20.0
2016,Pernambuco,Outubro,274.0
2021,Roraima,Julho,5.0
2014,Ceará,Março,4.0
2019,Maranhão,Setembro,3.667
2013,Roraima,Agosto,4.0
2022,Bahia,Outubro,3.675
2013,Mato Grosso,Julho,1.711
2012,Espirito Santo,Novembro,7.0
2016,Rondonia,Março,30.0
2023,Tocantins,Setembro,2681.0
2015,Amapa,Novembro,1.424
2021,Acre,Abril,7.0
2020,Rio Grande do Norte,Maio,0.0
2022,Rio Grande do Sul,Janeiro,174.0
2014,Espirito Santo,Junho,8.0
2018,Roraima,Março,727.0
2020,Santa Catarina,Junho,102.0
2021,Rio de Janeiro,Janeiro,18.0
2015,Mato Grosso,Janeiro,720.0
2021,Rio Grande do Norte,Dezembro,90.0
2017,São Paulo,Janeiro,21.0
2012,Espirito Santo,Dezembro,23.0
2017,Mato Grosso,Julho,2100.0
2015,Acre,Janeiro,3.0
2015,Roraima,Fevereiro,571.0
2016,Paraná,Janeiro,124.0
2015,Ceará,Março,14.0
2018,Minas Gerais,Fevereiro,60.0
2014,Roraima,Maio,63.0
2023,Rio de Janeiro,Dezembro,7.0
2020,Acre,Julho,335.0
2020,São Paulo,Junho,262.0
2022,Amazonas,Dezembro,182.0
2014,Distrito Federal,Março,1.0
2021,Amapa,Agosto,19.0
2018,Minas Gerais,Maio,153.0
2020,Ceará,Outubro,913.0
2012,Amapa,Julho,6.0
2013,Paraiba,Julho,1.0
2012,Minas Gerais,Setembro,2.919
2020,Ceará,Março,2.0
2022,Espirito Santo,Dezembro,6.0
2016,Espirito Santo,Junho,45.0
2014,Sergipe,Janeiro,18.0
2012,Rio Grande do Sul,Fevereiro,43.0
2013,Alagoas,Novembro,8.0
2019,Amazonas,Março,114.0
2021,Minas Gerais,Fevereiro,40.0
2014,Amazonas,Julho,253.0
2018,São Paulo,Novembro,16.0
2012,Distrito Federal,Abril,4.0
2018,Bahia,Julho,281.0
2016,Distrito Federal,Maio,13.0
2017,Tocantins,Outubro,2.255
2017,São Paulo,Março,76.0
2020,Roraima,Agosto,14.0
2015,Distrito Federal,Dezembro,0.0
2015,Alagoas,Abril,46.0
2022,Ceará,Março,8.0
2022,Rio de Janeiro,Dezembro,2.0
2015,Sergipe,Abril,24.0
2015,Distrito Federal,Março,0.0
2023,Bahia,Fevereiro,222.0
2017,Sergipe,Novembro,1.0
2016,Acre,Maio,23.0
2020,Sergipe,Setembro,0.0
2019,Acre,Maio,33.0
2019,Pará,Novembro,7390.0
2020,Santa Catarina,Maio,286.0
2012,Roraima,Maio,21.0
2013,Espirito Santo,Novembro,11.0
2020,Minas Gerais,Julho,536.0
2018,Tocantins,Abril,127.0
2023,Amazonas,Dezembro,145.0
2018,Pará,Novembro,6.276
2012,Paraiba,Novembro,139.0
2016,Goias,Julho,815.0
2012,Espirito Santo,Março,38.0
2016,Acre,Fevereiro,2.0
2014,Pará,Agosto,8.147
2012,Bahia,Maio,335.0
2019,Minas Gerais,Dezembro,118.0
2022,Tocantins,Abril,134.0
2012,Maranhão,Julho,3.693
2013,Alagoas,Julho,1.0
2014,Paraiba,Novembro,91.0
2023,Espirito Santo,Outubro,59.0
2022,Roraima,Abril,7.0
2013,Tocantins,Agosto,1.805
2023,Distrito Federal,Junho,11.0
2015,Alagoas,Novembro,118.0
2022,Paraná,Abril,61.0
2019,Rondonia,Outubro,556.0
2020,Piaui,Dezembro,448.0
2012,Roraima,Janeiro,239.0
2016,Amapa,Novembro,1.104
2020,Amazonas,Maio,15.0
2017,Mato Grosso,Dezembro,249.0
2017,Acre,Março,0.0
2021,Amazonas,Janeiro,37.0
2014,Paraiba,Dezembro,58.0
2022,Pernambuco,Agosto,35.0
2017,Tocantins,Abril,161.0
2018,Acre,Fevereiro,2.0
2020,Pernambuco,Março,14.0
2016,Mato Grosso do Sul,Fevereiro,119.0
2021,Amapa,Março,1.0
2013,Roraima,Janeiro,482.0
2023,Distrito Federal,Abril,2.0
2013,Paraiba,Abril,7.0
2017,Santa Catarina,Setembro,491.0
2017,Amapa,Dezembro,406.0
2013,Rio de Janeiro,Dezembro,6.0
2014,Piaui,Agosto,2.169
2014,Rio de Janeiro,Dezembro,16.0
2020,Tocantins,Dezembro,211.0
2021,Mato Grosso do Sul,Setembro,2.739
2019,Amapa,Junho,0.0
2013,Acre,Julho,98.0
2018,Espirito Santo,Outubro,36.0
2020,Rio Grande do Sul,Junho,158.0
2012,Maranhão,Abril,114.0
2014,Santa Catarina,Abril,35.0
2023,Rio Grande do Sul,Setembro,34.0
2014,Sergipe,Abril,7.0
2020,Alagoas,Junho,0.0
2012,Mato Grosso,Junho,1.933
2014,Pernambuco,Março,32.0
2018,Rio de Janeiro,Junho,32.0
2023,Santa Catarina,Janeiro,35.0
2018,Ceará,Abril,1.0
2012,Sergipe,Novembro,6.0
2012,Roraima,Março,183.0
2012,Piaui,Dezembro,401.0
2022,Pará,Novembro,4.507
2013,Amazonas,Julho,359.0
2012,Rio de Janeiro,Maio,12.0
2023,Distrito Federal,Julho,21.0
2023,Paraiba,Agosto,31.0
2017,Amapa,Julho,3.0
2021,Paraiba,Maio,3.0
2017,São Paulo,Outubro,134.0
2014,Goias,Fevereiro,34.0
2013,Ceará,Setembro,177.0
2016,Rio Grande do Sul,Janeiro,60.0
2019,Rio Grande do Sul,Março,94.0
2012,Goias,Julho,556.0
2020,Mato Grosso do Sul,Fevereiro,250.0
2015,Santa Catarina,Fevereiro,15.0
2020,Goias,Maio,150.0
2014,Espirito Santo,Maio,15.0
2017,Pernambuco,Junho,4.0
2017,Amapa,Abril,3.0
2023,Paraiba,Fevereiro,24.0
2016,Rio de Janeiro,Agosto,219.0
2021,Maranhão,Setembro,2.469
2013,Minas Gerais,Junho,191.0
2021,Tocantins,Outubro,1.213
2023,Paraiba,Maio,3.0
2018,Amapa,Agosto,38.0
2022,São Paulo,Outubro,62.0
2014,Rondonia,Setembro,2.806
2019,Rio de Janeiro,Outubro,70.0
2012,Pará,Março,16.0
2022,Mato Grosso do Sul,Junho,191.0
2012,Ceará,Outubro,1.102
2018,Distrito Federal,Julho,29.0
2021,Sergipe,Abril,8.0
2014,Ceará,Fevereiro,9.0
2013,Alagoas,Abril,20.0
2013,Amapa,Julho,1.0
2013,Sergipe,Novembro,6.0
2014,Mato Grosso do Sul,Janeiro,156.0
2018,Santa Catarina,Maio,77.0
2016,Espirito Santo,Outubro,60.0
2021,Rondonia,Fevereiro,16.0
2016,Maranhão,Agosto,3.849
2017,Piaui,Junho,142.0
2023,Rio Grande do Sul,Março,107.0
2020,Amazonas,Agosto,8030.0
2015,Pernambuco,Outubro,172.0
2022,Santa Catarina,Setembro,69.0
2022,Piaui,Junho,256.0
2014,Distrito Federal,Outubro,31.0
2022,Rio de Janeiro,Novembro,5.0
2021,Distrito Federal,Novembro,0.0
2014,Amazonas,Dezembro,289.0
2013,São Paulo,Fevereiro,100.0
2014,Alagoas,Janeiro,49.0
2013,Paraná,Agosto,701.0
2019,Santa Catarina,Agosto,939.0
2014,Roraima,Julho,9.0
2020,Amapa,Junho,3.0
2023,Sergipe,Outubro,19.0
2020,Mato Grosso,Agosto,10430.0
2020,Santa Catarina,Setembro,203.0
2015,Tocantins,Janeiro,196.0
2019,Sergipe,Agosto,0.0
2016,Maranhão,Janeiro,395.0
2019,Rio Grande do Norte,Agosto,52.0
2013,Acre,Janeiro,0.0
2016,Pernambuco,Abril,8.0
2015,Paraná,Agosto,640.0
2015,Goias,Agosto,876.0
2019,Amazonas,Junho,57.0
2016,Acre,Agosto,2.526
2020,Rio de Janeiro,Fevereiro,10.0
2019,Mato Grosso,Novembro,1.176
2023,Mato Grosso do Sul,Dezembro,503.0
2014,Rio de Janeiro,Maio,13.0
2020,Alagoas,Agosto,5.0
2015,Alagoas,Outubro,28.0
2014,Distrito Federal,Setembro,67.0
2021,Maranhão,Abril,96.0
2019,Paraiba,Junho,2.0
2013,Rio de Janeiro,Março,3.0
2020,Mato Grosso do Sul,Junho,508.0
2014,Rio de Janeiro,Outubro,473.0
2015,Acre,Maio,2.0
2018,Pernambuco,Fevereiro,7.0
2017,Distrito Federal,Dezembro,0.0
2020,Pernambuco,Abril,11.0
2016,Mato Grosso,Janeiro,300.0
2022,Espirito Santo,Junho,53.0
2016,Minas Gerais,Março,91.0
2014,Roraima,Abril,183.0
2022,Pará,Maio,225.0
2014,Sergipe,Julho,0.0
2018,São Paulo,Abril,85.0
2013,Rio Grande do Sul,Fevereiro,51.0
2012,Mato Grosso,Novembro,488.0
2015,Ceará,Maio,17.0
2017,Santa Catarina,Fevereiro,27.0
2015,Ceará,Novembro,1.009
2017,Piaui,Março,28.0
2020,Rio de Janeiro,Setembro,237.0
2015,Acre,Agosto,1.624
2013,Ceará,Março,24.0
2012,Pará,Junho,305.0
2019,Tocantins,Maio,690.0
2013,Paraiba,Junho,3.0
2016,Santa Catarina,Novembro,144.0
2017,Tocantins,Junho,906.0
2020,Minas Gerais,Abril,83.0
2017,Maranhão,Fevereiro,44.0
2022,Rondonia,Junho,106.0
2016,Alagoas,Outubro,63.0
2014,Amapa,Março,2.0
2018,Paraná,Julho,481.0
2015,Santa Catarina,Outubro,21.0
2020,Paraná,Setembro,702.0
2022,Distrito Federal,Março,6.0
2016,Bahia,Agosto,727.0
2022,Mato Grosso do Sul,Abril,100.0
2012,Paraná,Novembro,219.0
2014,Rio Grande do Sul,Março,52.0
2016,Paraiba,Abril,1.0
2022,Sergipe,Outubro,6.0
2023,Paraná,Janeiro,51.0
2012,Sergipe,Outubro,0.0
2021,Rio Grande do Sul,Fevereiro,49.0
2017,Ceará,Julho,15.0
2022,Maranhão,Março,44.0
2012,Pará,Abril,24.0
2022,Roraima,Março,81.0
2012,Minas Gerais,Novembro,258.0
2020,Maranhão,Outubro,3.394
2022,Maranhão,Setembro,4.166
2014,Paraiba,Setembro,49.0
2013,Amazonas,Junho,81.0
2020,Paraiba,Julho,5.0
2017,Goias,Junho,308.0
2022,Sergipe,Agosto,1.0
2018,Distrito Federal,Março,0.0
2022,Mato Grosso,Janeiro,556.0
2022,Amapa,Julho,5.0
2016,Roraima,Outubro,107.0
2016,Rio Grande do Norte,Dezembro,75.0
2023,Rio Grande do Norte,Fevereiro,19.0
2020,Distrito Federal,Fevereiro,2.0
2013,Rio Grande do Sul,Julho,196.0
2012,Rondonia,Março,20.0
2017,Piaui,Agosto,1.257
2016,Ceará,Março,6.0
2020,Roraima,Abril,165.0
2020,Alagoas,Novembro,10.0
2015,Santa Catarina,Setembro,160.0
2020,Pará,Março,63.0
2013,Mato Grosso,Novembro,906.0
2023,Espirito Santo,Julho,62.0
2018,Santa Catarina,Abril,150.0
2016,Paraná,Julho,552.0
2018,Rondonia,Dezembro,47.0
2022,Alagoas,Fevereiro,29.0
2013,Maranhão,Abril,83.0
2015,Maranhão,Setembro,5.502
2019,Pará,Maio,80.0
2020,Paraná,Janeiro,39.0
2012,Tocantins,Outubro,3.874
2016,Alagoas,Abril,14.0
2013,Amazonas,Fevereiro,4.0
2020,Paraná,Junho,238.0
2018,Distrito Federal,Novembro,0.0
2023,Goias,Junho,343.0
2020,Amazonas,Setembro,4270.0
2018,Bahia,Agosto,477.0
2015,Pará,Maio,84.0
2023,Rio de Janeiro,Janeiro,6.0
2021,Rio Grande do Norte,Maio,7.0
2020,Mato Grosso do Sul,Setembro,3.097
2018,Goias,Novembro,36.0
2017,Ceará,Junho,6.0
2013,Espirito Santo,Setembro,28.0
2014,Mato Grosso,Outubro,4.657
2013,Amazonas,Abril,26.0
2019,Mato Grosso,Dezembro,666.0
2023,Sergipe,Fevereiro,17.0
2019,Alagoas,Agosto,6.0
2014,Ceará,Novembro,761.0
2018,Alagoas,Março,13.0
2019,Distrito Federal,Junho,6.0
2013,Roraima,Novembro,125.0
2016,Pará,Junho,509.0
2018,Acre,Julho,381.0
2015,Santa Catarina,Dezembro,18.0
2014,Rondonia,Novembro,187.0
2022,Tocantins,Janeiro,57.0
2014,Goias,Março,54.0
2020,Espirito Santo,Outubro,82.0
2017,Paraiba,Outubro,102.0
2018,Amazonas,Setembro,4.928
2019,Amapa,Dezembro,67.0
2014,Minas Gerais,Julho,537.0
2016,Paraná,Junho,261.0
2020,Pernambuco,Setembro,128.0
2013,Rio Grande do Norte,Abril,8.0
2022,Rio de Janeiro,Julho,180.0
2019,Rio Grande do Sul,Agosto,1.647
2013,Roraima,Abril,113.0
2013,Maranhão,Outubro,3.221
2021,Sergipe,Julho,0.0
2023,Tocantins,Fevereiro,104.0
2023,Rio de Janeiro,Julho,97.0
2015,Rondonia,Março,10.0
2023,Minas Gerais,Setembro,1795.0
2021,Espirito Santo,Maio,47.0
2020,São Paulo,Dezembro,15.0
2013,Amapa,Novembro,613.0
2014,Rio Grande do Sul,Julho,206.0
2013,Paraiba,Dezembro,72.0
2013,Rio Grande do Norte,Agosto,3.0
2016,Rio de Janeiro,Dezembro,5.0
2022,São Paulo,Junho,90.0
2012,Rio de Janeiro,Março,12.0
2022,Espirito Santo,Novembro,5.0
2020,Roraima,Novembro,19.0
2017,Rio Grande do Norte,Abril,6.0
2018,Amapa,Março,0.0
2018,Pará,Maio,78.0
2012,Mato Grosso,Outubro,3.475
2021,Bahia,Março,530.0
2023,Acre,Janeiro,8.0
2017,Espirito Santo,Maio,9.0
2012,Distrito Federal,Setembro,67.0
2014,Goias,Outubro,1.728
2016,Sergipe,Maio,9.0
2014,Acre,Maio,1.0
2013,Espirito Santo,Agosto,58.0
2022,Amapa,Dezembro,6.0
2022,Paraná,Outubro,158.0
2013,Mato Grosso,Março,636.0
2018,Bahia,Abril,71.0
2020,São Paulo,Abril,252.0
2021,Paraná,Fevereiro,103.0
2014,Tocantins,Março,41.0
2020,São Paulo,Setembro,2.254
2023,Maranhão,Abril,155.0
2012,São Paulo,Novembro,74.0
2013,Piaui,Março,15.0
2014,Minas Gerais,Janeiro,130.0
2012,Pará,Dezembro,2950.0
2023,Amazonas,Maio,30.0
2021,Maranhão,Novembro,2.502
2015,Roraima,Novembro,298.0
2013,Maranhão,Março,45.0
2018,Paraiba,Abril,4.0
2015,Pará,Julho,882.0
2023,Mato Grosso do Sul,Julho,307.0
2015,Paraiba,Setembro,47.0
2023,Minas Gerais,Maio,274.0
2013,Tocantins,Novembro,320.0
2020,Pará,Abril,38.0
2015,Maranhão,Abril,103.0
2015,Bahia,Dezembro,1.202
2023,Santa Catarina,Outubro,21.0
2021,Paraiba,Setembro,105.0
2013,Alagoas,Dezembro,37.0
2017,Tocantins,Dezembro,81.0
2015,Roraima,Abril,307.0
2022,Santa Catarina,Maio,87.0
2015,Distrito Federal,Setembro,64.0
2016,Distrito Federal,Junho,37.0
2017,Sergipe,Julho,0.0
2023,Bahia,Novembro,1296.0
2017,Espirito Santo,Fevereiro,7.0
2020,Goias,Julho,402.0
2018,Paraiba,Janeiro,42.0
2019,Santa Catarina,Fevereiro,10.0
2021,Rondonia,Abril,16.0
2022,Paraiba,Maio,0.0
2022,Goias,Agosto,975.0
2015,São Paulo,Abril,70.0
2021,Piaui,Abril,60.0
2016,Espirito Santo,Novembro,7.0
2018,Rio Grande do Sul,Maio,108.0
2013,Roraima,Dezembro,164.0
2022,Sergipe,Novembro,1.0
2021,Alagoas,Setembro,8.0
2013,Mato Grosso,Fevereiro,374.0
2012,Alagoas,Dezembro,55.0
2023,Paraná,Setembro,166.0
2015,Distrito Federal,Outubro,17.0
2017,Amapa,Maio,2.0
2016,Rio de Janeiro,Novembro,17.0
2013,Santa Catarina,Maio,98.0
2020,Pernambuco,Janeiro,105.0
2015,Distrito Federal,Julho,15.0
2015,Ceará,Abril,0.0
2019,Mato Grosso do Sul,Novembro,1.243
2012,Goias,Novembro,64.0
2019,Pernambuco,Junho,5.0
2019,Sergipe,Janeiro,31.0
2016,Maranhão,Junho,693.0
2017,Espirito Santo,Janeiro,14.0
2016,São Paulo,Setembro,506.0
2015,Espirito Santo,Dezembro,57.0
2020,Acre,Dezembro,11.0
2012,Alagoas,Maio,23.0
2016,Alagoas,Junho,5.0
2020,Rondonia,Fevereiro,39.0
2015,Rio Grande do Norte,Dezembro,78.0
2020,Ceará,Janeiro,94.0
2019,Alagoas,Fevereiro,9.0
2015,Pará,Fevereiro,92.0
2015,Minas Gerais,Abril,85.0
2012,Alagoas,Janeiro,43.0
2012,Goias,Março,71.0
2020,Sergipe,Julho,0.0
2015,Paraná,Maio,74.0
2013,Roraima,Julho,4.0
2015,Goias,Janeiro,105.0
2017,Distrito Federal,Setembro,77.0
2019,Piaui,Maio,67.0
2021,Paraná,Junho,106.0
2021,Tocantins,Julho,1.794
2023,Pernambuco,Novembro,380.0
2013,Bahia,Março,441.0
2015,Rondonia,Abril,12.0
2014,Acre,Setembro,2.528
2014,Rondonia,Março,11.0
2022,Paraná,Dezembro,57.0
2013,Acre,Junho,19.0
2013,Sergipe,Setembro,1.0
2013,Goias,Fevereiro,67.0
2019,Tocantins,Janeiro,84.0
2017,Amazonas,Outubro,1190.0
2013,Amapa,Outubro,560.0
2020,Minas Gerais,Fevereiro,114.0
2015,Rio Grande do Sul,Outubro,63.0
2020,Rio de Janeiro,Julho,130.0
2018,Sergipe,Junho,2.0
2014,Amazonas,Agosto,3.604
2019,Bahia,Novembro,924.0
2014,Ceará,Janeiro,119.0
2016,Amazonas,Junho,84.0
2020,Rondonia,Outubro,2.413
2012,Maranhão,Março,54.0
2014,Rio Grande do Sul,Setembro,212.0
2012,Pernambuco,Março,68.0
2017,Roraima,Agosto,33.0
2018,Ceará,Setembro,429.0
2015,Bahia,Junho,233.0
2014,Pará,Abril,23.0
2019,Amazonas,Julho,1.371
2014,Mato Grosso do Sul,Julho,190.0
2020,Rio Grande do Sul,Janeiro,32.0
2019,Santa Catarina,Abril,12.0
2023,Santa Catarina,Junho,149.0
2018,Distrito Federal,Junho,1.0
2015,Distrito Federal,Maio,2.0
2017,Tocantins,Fevereiro,24.0
2019,Roraima,Março,2.433
2018,Paraiba,Março,3.0
2012,Tocantins,Janeiro,14.0
2017,Mato Grosso,Setembro,14840.0
2012,Rondonia,Novembro,271.0
2013,Espirito Santo,Maio,13.0
2019,Alagoas,Abril,5.0
2021,Paraiba,Outubro,250.0
2014,Amapa,Outubro,592.0
2012,Ceará,Novembro,1.165
2015,Amazonas,Junho,34.0
2017,Tocantins,Novembro,496.0
2016,Espirito Santo,Abril,49.0
2016,Minas Gerais,Novembro,113.0
2023,Amazonas,Março,28.0
2015,Goias,Fevereiro,43.0
2019,Rio Grande do Sul,Abril,54.0
2021,Santa Catarina,Julho,481.0
2019,Paraná,Fevereiro,24.0
2016,Rondonia,Outubro,2.041
2013,Rio Grande do Norte,Março,7.0
2022,São Paulo,Julho,345.0
2021,São Paulo,Julho,808.0
2022,Amazonas,Abril,15.0
2012,Rio de Janeiro,Dezembro,8.0
2014,Rio Grande do Norte,Novembro,109.0
2019,Mato Grosso,Julho,2.326
2023,Roraima,Setembro,194.0
2015,Mato Grosso,Fevereiro,396.0
2013,Amapa,Setembro,126.0
2013,Goias,Julho,356.0
2016,Pará,Maio,148.0
2023,Amazonas,Junho,213.0
2012,Goias,Abril,116.0
2017,Piaui,Abril,23.0
2013,Roraima,Maio,6.0
2012,Acre,Maio,15.0
2019,Sergipe,Maio,4.0
2018,Rio Grande do Sul,Junho,62.0
2020,Mato Grosso,Maio,951.0
2013,Bahia,Agosto,602.0
2014,Pernambuco,Outubro,172.0
2023,Piaui,Maio,111.0
2012,São Paulo,Abril,121.0
2017,Pernambuco,Julho,1.0
2017,Paraná,Dezembro,98.0
2018,Espirito Santo,Fevereiro,1.0
2014,Maranhão,Janeiro,291.0
2019,Rio Grande do Sul,Setembro,523.0
2023,Distrito Federal,Setembro,18.0
2014,Rio de Janeiro,Novembro,31.0
2013,Ceará,Dezembro,910.0
2020,Maranhão,Janeiro,86.0
2016,Rio Grande do Sul,Abril,26.0
2014,Paraná,Novembro,59.0
2017,Acre,Janeiro,0.0
2019,Santa Catarina,Novembro,63.0
2013,Rio de Janeiro,Junho,21.0
2021,Rio Grande do Norte,Fevereiro,39.0
2014,São Paulo,Abril,93.0
2013,Ceará,Fevereiro,55.0
2019,Rondonia,Agosto,5.593
2023,Roraima,Julho,12.0
2020,Pernambuco,Julho,16.0
2015,Maranhão,Agosto,5.411
2020,Espirito Santo,Abril,8.0
2012,Ceará,Janeiro,308.0
2014,Rio Grande do Sul,Fevereiro,27.0
2013,Sergipe,Abril,14.0
2023,Ceará,Fevereiro,36.0
2021,Bahia,Julho,732.0
2014,Piaui,Julho,1.151
2023,Mato Grosso,Setembro,4219.0
2022,Goias,Março,120.0
2022,Pernambuco,Julho,11.0
2021,Mato Grosso,Setembro,5.602
2021,Paraná,Setembro,725.0
2019,Pernambuco,Fevereiro,9.0
2016,Piaui,Janeiro,93.0
2012,Bahia,Dezembro,529.0
2016,Goias,Março,107.0
2016,Tocantins,Junho,1100.0
2020,Mato Grosso,Junho,1960.0
2020,Goias,Novembro,229.0
2018,Pará,Fevereiro,36.0
2017,Santa Catarina,Julho,461.0
2022,Rio de Janeiro,Outubro,33.0
2020,Minas Gerais,Maio,166.0
2014,Santa Catarina,Julho,83.0
2017,Minas Gerais,Janeiro,99.0
2018,Acre,Setembro,4.379
2019,Rio Grande do Norte,Janeiro,20.0
2021,Mato Grosso,Julho,1.715
2021,Amapa,Novembro,103.0
2018,Pará,Outubro,5.028
2017,Alagoas,Novembro,11.0
2018,Mato Grosso do Sul,Abril,94.0
2020,Ceará,Maio,3.0
2022,Bahia,Julho,530.0
2012,Piaui,Maio,352.0
2017,Bahia,Janeiro,150.0
2013,Mato Grosso,Maio,962.0
2013,Rio Grande do Sul,Outubro,113.0
2012,Sergipe,Janeiro,40.0
2017,Santa Catarina,Novembro,164.0
2015,Paraiba,Novembro,190.0
2015,Bahia,Outubro,4.695
2018,Acre,Junho,41.0
2022,Sergipe,Janeiro,5.0
2022,Pernambuco,Outubro,407.0
2019,Maranhão,Outubro,3.645
2021,São Paulo,Junho,136.0
2021,Piaui,Fevereiro,42.0
2015,Mato Grosso do Sul,Janeiro,176.0
2015,Minas Gerais,Outubro,3.393
2021,Paraná,Novembro,210.0
2013,Rio Grande do Sul,Junho,41.0
2016,Santa Catarina,Julho,610.0
2016,São Paulo,Abril,293.0
2021,Tocantins,Março,65.0
2016,Santa Catarina,Setembro,677.0
2014,Rio Grande do Sul,Novembro,54.0
2021,Sergipe,Janeiro,12.0
2021,Goias,Abril,110.0
2012,Santa Catarina,Janeiro,25.0
2016,Roraima,Fevereiro,185.0
2022,Mato Grosso do Sul,Maio,333.0
2015,São Paulo,Agosto,627.0
2020,Maranhão,Agosto,2.162
2017,Maranhão,Janeiro,178.0
2015,Tocantins,Junho,1.118
2022,Goias,Outubro,752.0
2016,Tocantins,Março,132.0
2020,Paraiba,Novembro,181.0
2022,Amazonas,Fevereiro,18.0
2023,Pará,Setembro,9507.0
2021,Goias,Setembro,2.634
2016,Ceará,Setembro,335.0
2023,Amapa,Agosto,69.0
2015,Rio Grande do Sul,Setembro,185.0
2023,Tocantins,Janeiro,59.0
2012,Tocantins,Março,83.0
2013,Distrito Federal,Março,1.0
2022,Mato Grosso,Outubro,1.548
2015,Amazonas,Março,25.0
2015,Paraná,Fevereiro,42.0
2016,Piaui,Julho,746.0
2021,Goias,Outubro,576.0
2015,Minas Gerais,Novembro,1340.0
2017,Maranhão,Junho,644.0
2014,Mato Grosso do Sul,Agosto,296.0
2023,Maranhão,Fevereiro,135.0
2016,Rondonia,Fevereiro,71.0
2021,Minas Gerais,Março,230.0
2013,Rio Grande do Norte,Junho,2.0
2013,Acre,Setembro,3.331
2016,Amazonas,Agosto,3.652
2020,Roraima,Outubro,113.0
2017,Rio Grande do Sul,Setembro,278.0
2013,Ceará,Abril,7.0
2016,Pará,Dezembro,3.051
2012,Paraná,Maio,160.0
2015,Amazonas,Dezembro,474.0
2023,São Paulo,Fevereiro,36.0
2021,Ceará,Maio,13.0
2015,Rio de Janeiro,Agosto,141.0
2016,Amazonas,Setembro,2.785
2018,Amapa,Maio,1.0
2020,Mato Grosso do Sul,Dezembro,195.0
2013,Tocantins,Fevereiro,37.0
2019,Goias,Julho,403.0
2015,Amazonas,Novembro,909.0
2016,Paraiba,Março,3.0
2016,Sergipe,Fevereiro,15.0
2020,Santa Catarina,Novembro,69.0
2016,Rio Grande do Norte,Abril,2.0
2021,Santa Catarina,Janeiro,5.0
2014,São Paulo,Fevereiro,94.0
2016,Maranhão,Setembro,3.109
2012,Goias,Maio,123.0
2015,Rio de Janeiro,Junho,21.0
2019,Paraná,Abril,59.0
2019,Santa Catarina,Outubro,68.0
2017,Amapa,Agosto,28.0
2020,Pará,Julho,2.687
2013,Paraná,Novembro,113.0
2014,Rio de Janeiro,Março,25.0
2019,Goias,Novembro,160.0
2014,Tocantins,Junho,1.343
2022,Amazonas,Março,15.0
2012,Ceará,Junho,33.0
2020,Rio Grande do Norte,Outubro,175.0
2013,Bahia,Dezembro,107.0
2017,Paraiba,Janeiro,23.0
2013,Piaui,Maio,49.0
2013,Rio Grande do Sul,Abril,98.0
2022,Rio Grande do Norte,Fevereiro,3.0
2015,Minas Gerais,Junho,192.0
2015,Rio de Janeiro,Janeiro,86.0
2017,Alagoas,Junho,1.0
2014,Paraiba,Maio,1.0
2022,Alagoas,Julho,1.0
2013,Pernambuco,Dezembro,121.0
2018,Rio Grande do Norte,Junho,6.0
2017,Paraná,Janeiro,53.0
2016,Paraiba,Maio,1.0
2022,Paraiba,Julho,3.0
2018,Acre,Maio,14.0
2018,Rio Grande do Sul,Janeiro,45.0
2012,Maranhão,Fevereiro,84.0
2021,Paraná,Agosto,1.195
2021,Espirito Santo,Fevereiro,13.0
2020,Rio de Janeiro,Dezembro,4.0
2021,Paraiba,Novembro,319.0
2017,Minas Gerais,Agosto,1610.0
2012,Paraná,Outubro,227.0
2018,Minas Gerais,Março,107.0
2017,Rio Grande do Norte,Maio,2.0
2015,Amapa,Dezembro,327.0
2022,Acre,Outubro,1.127
2021,Pará,Março,34.0
2020,Pará,Dezembro,2.184
2022,Santa Catarina,Agosto,425.0
2023,Acre,Novembro,160.0
2021,Distrito Federal,Maio,9.0
2023,Roraima,Fevereiro,168.0
2022,Distrito Federal,Dezembro,0.0
2012,Paraiba,Dezembro,70.0
2015,Goias,Abril,58.0
2017,Acre,Maio,9.0
2021,Goias,Novembro,71.0
2022,Rio Grande do Norte,Dezembro,99.0
2018,Amazonas,Abril,14.0
2022,Roraima,Julho,12.0
2023,Goias,Abril,134.0
2012,Alagoas,Junho,5.0
2016,Rondonia,Agosto,3.551
2016,Paraiba,Julho,20.0
2014,Ceará,Abril,3.0
2012,Rondonia,Janeiro,6.0
2017,Minas Gerais,Março,99.0
2019,Minas Gerais,Abril,85.0
2018,Mato Grosso do Sul,Janeiro,47.0
2017,Tocantins,Maio,626.0
2020,Rio de Janeiro,Março,6.0
2017,Distrito Federal,Novembro,0.0
2022,Rondonia,Outubro,822.0
2019,Mato Grosso do Sul,Outubro,2310.0
2016,Alagoas,Setembro,15.0
2015,Maranhão,Novembro,4.159
2016,Rondonia,Dezembro,138.0
2014,Pará,Março,17.0
2018,Ceará,Julho,29.0
2019,Bahia,Outubro,1.783
2019,Rio Grande do Sul,Novembro,53.0
2022,Ceará,Janeiro,37.0
2016,Piaui,Agosto,1730.0
2022,Piaui,Agosto,1.659
2021,Distrito Federal,Outubro,7.0
2016,Amapa,Dezembro,463.0
2018,Santa Catarina,Fevereiro,48.0
2016,Mato Grosso,Setembro,8.284
2013,Acre,Agosto,1.045
2022,Alagoas,Março,24.0
2012,Rondonia,Abril,21.0
2012,Rio de Janeiro,Outubro,162.0
2012,Sergipe,Dezembro,22.0
2019,Roraima,Setembro,26.0
2019,Ceará,Junho,9.0
2012,São Paulo,Março,138.0
2023,Rondonia,Setembro,2651.0
2013,Rio Grande do Sul,Setembro,356.0
2019,Ceará,Abril,1.0
2016,Pernambuco,Novembro,196.0
2015,Paraná,Abril,77.0
2020,Rio de Janeiro,Agosto,162.0
2016,Pernambuco,Fevereiro,22.0
2023,Goias,Setembro,651.0
2019,São Paulo,Setembro,872.0
2022,Ceará,Fevereiro,21.0
2012,Rio Grande do Sul,Novembro,85.0
2012,Paraná,Agosto,821.0
2014,Mato Grosso,Maio,803.0
2022,Mato Grosso,Fevereiro,472.0
2012,Pará,Outubro,5.946
2020,Santa Catarina,Fevereiro,36.0
2023,Paraiba,Novembro,281.0
2016,Sergipe,Outubro,7.0
2012,Rondonia,Junho,55.0
2018,Bahia,Janeiro,102.0
2018,Rondonia,Fevereiro,7.0
2012,Mato Grosso,Março,419.0
2015,Paraiba,Junho,0.0
2018,Pará,Agosto,2.782
2018,Rio Grande do Norte,Novembro,128.0
2015,Maranhão,Junho,850.0
2023,Piaui,Junho,432.0
2014,Amapa,Abril,1.0
2012,Acre,Setembro,2.796
2020,Goias,Abril,156.0
2017,São Paulo,Setembro,1930.0
2015,Minas Gerais,Dezembro,248.0
2016,Minas Gerais,Agosto,1.563
2016,Amapa,Julho,1.0
2017,Roraima,Julho,3.0
2023,Bahia,Abril,269.0
